<Document xmlns="urn:iso:std:iso:20022:tech:xsd:camt.053.001.08">
	<BkToCstmrStmt>
		<GrpHdr>
			<MsgId>Q1813467/986</MsgId>
			<CreDtTm>2020-11-24T12:00:13</CreDtTm>
		</GrpHdr>
		<Stmt>
			<Id>Q1813467/986</Id>
			<StmtPgntn>
				<PgNb>1</PgNb>
				<LastPgInd>true</LastPgInd>
			</StmtPgntn>
			<ElctrncSeqNb>229</ElctrncSeqNb>
			<CreDtTm>2020-11-24T12:00:13</CreDtTm>
			<Acct>
				<Id>
					<Othr>
						<Id>BARCNRTSLA</Id>
					</Othr>
				</Id>
				<Ownr>
					<Id>
						<OrgId>
							<AnyBIC>BARCMUMU</AnyBIC>
						</OrgId>
					</Id>
				</Ownr>
			</Acct>
			<Bal>
				<Tp>
					<CdOrPrtry>
						<Cd>OPBD</Cd>
					</CdOrPrtry>
				</Tp>
				<Amt Ccy="MUR">0.</Amt>
				<CdtDbtInd>CRDT</CdtDbtInd>
				<Dt>
					<Dt>2020-11-24</Dt>
				</Dt>
			</Bal>
			<Bal>
				<Tp>
					<CdOrPrtry>
						<Cd>CLBD</Cd>
					</CdOrPrtry>
				</Tp>
				<Amt Ccy="MUR">191072.25</Amt>
				<CdtDbtInd>DBIT</CdtDbtInd>
				<Dt>
					<Dt>2020-11-24</Dt>
				</Dt>
			</Bal>
			<Bal>
				<Tp>
					<CdOrPrtry>
						<Cd>FWAV</Cd>
					</CdOrPrtry>
				</Tp>
				<Amt Ccy="MUR">-191072.25</Amt>
				<CdtDbtInd>CRDT</CdtDbtInd>
				<Dt>
					<Dt>2020-11-24</Dt>
				</Dt>
			</Bal>
			<Ntry>
				<Amt Ccy="MUR">15000.</Amt>
				<CdtDbtInd>DBIT</CdtDbtInd>
				<Sts>
					<Cd>BOOK</Cd>
				</Sts>
				<ValDt>
					<Dt>2020-11-23</Dt>
				</ValDt>
				<AcctSvcrRef>390726</AcctSvcrRef>
				<BkTxCd>
					<Prtry>
						<Cd>pacs.008.001.08/NR</Cd>
					</Prtry>
				</BkTxCd>
				<NtryDtls>
					<Btch>
						<MsgId>BARCMUMU20201123175383</MsgId>
						<NbOfTxs>1</NbOfTxs>
						<TtlAmt Ccy="MUR">15000.</TtlAmt>
						<CdtDbtInd>DBIT</CdtDbtInd>
					</Btch>
				</NtryDtls>
			</Ntry>
			<Ntry>
				<Amt Ccy="MUR">4000.</Amt>
				<CdtDbtInd>DBIT</CdtDbtInd>
				<Sts>
					<Cd>BOOK</Cd>
				</Sts>
				<ValDt>
					<Dt>2020-11-23</Dt>
				</ValDt>
				<AcctSvcrRef>390732</AcctSvcrRef>
				<BkTxCd>
					<Prtry>
						<Cd>pacs.008.001.08/NR</Cd>
					</Prtry>
				</BkTxCd>
				<NtryDtls>
					<Btch>
						<MsgId>BARCMUMU20201123175482</MsgId>
						<NbOfTxs>1</NbOfTxs>
						<TtlAmt Ccy="MUR">4000.</TtlAmt>
						<CdtDbtInd>DBIT</CdtDbtInd>
					</Btch>
				</NtryDtls>
			</Ntry>
			<Ntry>
				<Amt Ccy="MUR">1000.</Amt>
				<CdtDbtInd>DBIT</CdtDbtInd>
				<Sts>
					<Cd>BOOK</Cd>
				</Sts>
				<ValDt>
					<Dt>2020-11-23</Dt>
				</ValDt>
				<AcctSvcrRef>390753</AcctSvcrRef>
				<BkTxCd>
					<Prtry>
						<Cd>pacs.008.001.08/NR</Cd>
					</Prtry>
				</BkTxCd>
				<NtryDtls>
					<Btch>
						<MsgId>BARCMUMU20201123175582</MsgId>
						<NbOfTxs>1</NbOfTxs>
						<TtlAmt Ccy="MUR">1000.</TtlAmt>
						<CdtDbtInd>DBIT</CdtDbtInd>
					</Btch>
				</NtryDtls>
			</Ntry>
			<Ntry>
				<Amt Ccy="MUR">300.</Amt>
				<CdtDbtInd>DBIT</CdtDbtInd>
				<Sts>
					<Cd>BOOK</Cd>
				</Sts>
				<ValDt>
					<Dt>2020-11-23</Dt>
				</ValDt>
				<AcctSvcrRef>390790</AcctSvcrRef>
				<BkTxCd>
					<Prtry>
						<Cd>pacs.008.001.08/NR</Cd>
					</Prtry>
				</BkTxCd>
				<NtryDtls>
					<Btch>
						<MsgId>BARCMUMU20201123175583</MsgId>
						<NbOfTxs>1</NbOfTxs>
						<TtlAmt Ccy="MUR">300.</TtlAmt>
						<CdtDbtInd>DBIT</CdtDbtInd>
					</Btch>
				</NtryDtls>
			</Ntry>
			<Ntry>
				<Amt Ccy="MUR">6500.</Amt>
				<CdtDbtInd>DBIT</CdtDbtInd>
				<Sts>
					<Cd>BOOK</Cd>
				</Sts>
				<ValDt>
					<Dt>2020-11-23</Dt>
				</ValDt>
				<AcctSvcrRef>390792</AcctSvcrRef>
				<BkTxCd>
					<Prtry>
						<Cd>pacs.008.001.08/NR</Cd>
					</Prtry>
				</BkTxCd>
				<NtryDtls>
					<Btch>
						<MsgId>BARCMUMU20201123175584</MsgId>
						<NbOfTxs>1</NbOfTxs>
						<TtlAmt Ccy="MUR">6500.</TtlAmt>
						<CdtDbtInd>DBIT</CdtDbtInd>
					</Btch>
				</NtryDtls>
			</Ntry>
			<Ntry>
				<Amt Ccy="MUR">2000.</Amt>
				<CdtDbtInd>DBIT</CdtDbtInd>
				<Sts>
					<Cd>BOOK</Cd>
				</Sts>
				<ValDt>
					<Dt>2020-11-23</Dt>
				</ValDt>
				<AcctSvcrRef>390812</AcctSvcrRef>
				<BkTxCd>
					<Prtry>
						<Cd>pacs.008.001.08/NR</Cd>
					</Prtry>
				</BkTxCd>
				<NtryDtls>
					<Btch>
						<MsgId>BARCMUMU20201123175682</MsgId>
						<NbOfTxs>1</NbOfTxs>
						<TtlAmt Ccy="MUR">2000.</TtlAmt>
						<CdtDbtInd>DBIT</CdtDbtInd>
					</Btch>
				</NtryDtls>
			</Ntry>
			<Ntry>
				<Amt Ccy="MUR">200.</Amt>
				<CdtDbtInd>DBIT</CdtDbtInd>
				<Sts>
					<Cd>BOOK</Cd>
				</Sts>
				<ValDt>
					<Dt>2020-11-23</Dt>
				</ValDt>
				<AcctSvcrRef>390816</AcctSvcrRef>
				<BkTxCd>
					<Prtry>
						<Cd>pacs.008.001.08/NR</Cd>
					</Prtry>
				</BkTxCd>
				<NtryDtls>
					<Btch>
						<MsgId>BARCMUMU20201123175683</MsgId>
						<NbOfTxs>1</NbOfTxs>
						<TtlAmt Ccy="MUR">200.</TtlAmt>
						<CdtDbtInd>DBIT</CdtDbtInd>
					</Btch>
				</NtryDtls>
			</Ntry>
			<Ntry>
				<Amt Ccy="MUR">100.</Amt>
				<CdtDbtInd>DBIT</CdtDbtInd>
				<Sts>
					<Cd>BOOK</Cd>
				</Sts>
				<ValDt>
					<Dt>2020-11-23</Dt>
				</ValDt>
				<AcctSvcrRef>390820</AcctSvcrRef>
				<BkTxCd>
					<Prtry>
						<Cd>pacs.008.001.08/NR</Cd>
					</Prtry>
				</BkTxCd>
				<NtryDtls>
					<Btch>
						<MsgId>BARCMUMU20201123175633</MsgId>
						<NbOfTxs>1</NbOfTxs>
						<TtlAmt Ccy="MUR">100.</TtlAmt>
						<CdtDbtInd>DBIT</CdtDbtInd>
					</Btch>
				</NtryDtls>
			</Ntry>
			<Ntry>
				<Amt Ccy="MUR">500.</Amt>
				<CdtDbtInd>DBIT</CdtDbtInd>
				<Sts>
					<Cd>BOOK</Cd>
				</Sts>
				<ValDt>
					<Dt>2020-11-23</Dt>
				</ValDt>
				<AcctSvcrRef>390858</AcctSvcrRef>
				<BkTxCd>
					<Prtry>
						<Cd>pacs.008.001.08/NR</Cd>
					</Prtry>
				</BkTxCd>
				<NtryDtls>
					<Btch>
						<MsgId>BARCMUMU20201123175684</MsgId>
						<NbOfTxs>1</NbOfTxs>
						<TtlAmt Ccy="MUR">500.</TtlAmt>
						<CdtDbtInd>DBIT</CdtDbtInd>
					</Btch>
				</NtryDtls>
			</Ntry>
			<Ntry>
				<Amt Ccy="MUR">3000.</Amt>
				<CdtDbtInd>DBIT</CdtDbtInd>
				<Sts>
					<Cd>BOOK</Cd>
				</Sts>
				<ValDt>
					<Dt>2020-11-23</Dt>
				</ValDt>
				<AcctSvcrRef>390872</AcctSvcrRef>
				<BkTxCd>
					<Prtry>
						<Cd>pacs.008.001.08/NR</Cd>
					</Prtry>
				</BkTxCd>
				<NtryDtls>
					<Btch>
						<MsgId>BARCMUMU20201123175732</MsgId>
						<NbOfTxs>1</NbOfTxs>
						<TtlAmt Ccy="MUR">3000.</TtlAmt>
						<CdtDbtInd>DBIT</CdtDbtInd>
					</Btch>
				</NtryDtls>
			</Ntry>
			<Ntry>
				<Amt Ccy="MUR">100.</Amt>
				<CdtDbtInd>DBIT</CdtDbtInd>
				<Sts>
					<Cd>BOOK</Cd>
				</Sts>
				<ValDt>
					<Dt>2020-11-23</Dt>
				</ValDt>
				<AcctSvcrRef>390880</AcctSvcrRef>
				<BkTxCd>
					<Prtry>
						<Cd>pacs.008.001.08/NR</Cd>
					</Prtry>
				</BkTxCd>
				<NtryDtls>
					<Btch>
						<MsgId>BARCMUMU20201123175685</MsgId>
						<NbOfTxs>1</NbOfTxs>
						<TtlAmt Ccy="MUR">100.</TtlAmt>
						<CdtDbtInd>DBIT</CdtDbtInd>
					</Btch>
				</NtryDtls>
			</Ntry>
			<Ntry>
				<Amt Ccy="MUR">4847.25</Amt>
				<CdtDbtInd>DBIT</CdtDbtInd>
				<Sts>
					<Cd>BOOK</Cd>
				</Sts>
				<ValDt>
					<Dt>2020-11-23</Dt>
				</ValDt>
				<AcctSvcrRef>390898</AcctSvcrRef>
				<BkTxCd>
					<Prtry>
						<Cd>pacs.008.001.08/NR</Cd>
					</Prtry>
				</BkTxCd>
				<NtryDtls>
					<Btch>
						<MsgId>BARCMUMU20201123175635</MsgId>
						<NbOfTxs>1</NbOfTxs>
						<TtlAmt Ccy="MUR">4847.25</TtlAmt>
						<CdtDbtInd>DBIT</CdtDbtInd>
					</Btch>
				</NtryDtls>
			</Ntry>
			<Ntry>
				<Amt Ccy="MUR">2000.</Amt>
				<CdtDbtInd>DBIT</CdtDbtInd>
				<Sts>
					<Cd>BOOK</Cd>
				</Sts>
				<ValDt>
					<Dt>2020-11-23</Dt>
				</ValDt>
				<AcctSvcrRef>390903</AcctSvcrRef>
				<BkTxCd>
					<Prtry>
						<Cd>pacs.008.001.08/NR</Cd>
					</Prtry>
				</BkTxCd>
				<NtryDtls>
					<Btch>
						<MsgId>BARCMUMU20201123175585</MsgId>
						<NbOfTxs>1</NbOfTxs>
						<TtlAmt Ccy="MUR">2000.</TtlAmt>
						<CdtDbtInd>DBIT</CdtDbtInd>
					</Btch>
				</NtryDtls>
			</Ntry>
			<Ntry>
				<Amt Ccy="MUR">80000.</Amt>
				<CdtDbtInd>DBIT</CdtDbtInd>
				<Sts>
					<Cd>BOOK</Cd>
				</Sts>
				<ValDt>
					<Dt>2020-11-23</Dt>
				</ValDt>
				<AcctSvcrRef>390905</AcctSvcrRef>
				<BkTxCd>
					<Prtry>
						<Cd>pacs.008.001.08/NR</Cd>
					</Prtry>
				</BkTxCd>
				<NtryDtls>
					<Btch>
						<MsgId>BARCMUMU20201123175733</MsgId>
						<NbOfTxs>1</NbOfTxs>
						<TtlAmt Ccy="MUR">80000.</TtlAmt>
						<CdtDbtInd>DBIT</CdtDbtInd>
					</Btch>
				</NtryDtls>
			</Ntry>
			<Ntry>
				<Amt Ccy="MUR">1000.</Amt>
				<CdtDbtInd>DBIT</CdtDbtInd>
				<Sts>
					<Cd>BOOK</Cd>
				</Sts>
				<ValDt>
					<Dt>2020-11-23</Dt>
				</ValDt>
				<AcctSvcrRef>390907</AcctSvcrRef>
				<BkTxCd>
					<Prtry>
						<Cd>pacs.008.001.08/NR</Cd>
					</Prtry>
				</BkTxCd>
				<NtryDtls>
					<Btch>
						<MsgId>BARCMUMU20201123175586</MsgId>
						<NbOfTxs>1</NbOfTxs>
						<TtlAmt Ccy="MUR">1000.</TtlAmt>
						<CdtDbtInd>DBIT</CdtDbtInd>
					</Btch>
				</NtryDtls>
			</Ntry>
			<Ntry>
				<Amt Ccy="MUR">6000.</Amt>
				<CdtDbtInd>DBIT</CdtDbtInd>
				<Sts>
					<Cd>BOOK</Cd>
				</Sts>
				<ValDt>
					<Dt>2020-11-23</Dt>
				</ValDt>
				<AcctSvcrRef>390908</AcctSvcrRef>
				<BkTxCd>
					<Prtry>
						<Cd>pacs.008.001.08/NR</Cd>
					</Prtry>
				</BkTxCd>
				<NtryDtls>
					<Btch>
						<MsgId>BARCMUMU20201123175636</MsgId>
						<NbOfTxs>1</NbOfTxs>
						<TtlAmt Ccy="MUR">6000.</TtlAmt>
						<CdtDbtInd>DBIT</CdtDbtInd>
					</Btch>
				</NtryDtls>
			</Ntry>
			<Ntry>
				<Amt Ccy="MUR">2000.</Amt>
				<CdtDbtInd>DBIT</CdtDbtInd>
				<Sts>
					<Cd>BOOK</Cd>
				</Sts>
				<ValDt>
					<Dt>2020-11-23</Dt>
				</ValDt>
				<AcctSvcrRef>390939</AcctSvcrRef>
				<BkTxCd>
					<Prtry>
						<Cd>pacs.008.001.08/NR</Cd>
					</Prtry>
				</BkTxCd>
				<NtryDtls>
					<Btch>
						<MsgId>BARCMUMU20201123175734</MsgId>
						<NbOfTxs>1</NbOfTxs>
						<TtlAmt Ccy="MUR">2000.</TtlAmt>
						<CdtDbtInd>DBIT</CdtDbtInd>
					</Btch>
				</NtryDtls>
			</Ntry>
			<Ntry>
				<Amt Ccy="MUR">13500.</Amt>
				<CdtDbtInd>DBIT</CdtDbtInd>
				<Sts>
					<Cd>BOOK</Cd>
				</Sts>
				<ValDt>
					<Dt>2020-11-23</Dt>
				</ValDt>
				<AcctSvcrRef>390940</AcctSvcrRef>
				<BkTxCd>
					<Prtry>
						<Cd>pacs.008.001.08/NR</Cd>
					</Prtry>
				</BkTxCd>
				<NtryDtls>
					<Btch>
						<MsgId>BARCMUMU20201123175637</MsgId>
						<NbOfTxs>1</NbOfTxs>
						<TtlAmt Ccy="MUR">13500.</TtlAmt>
						<CdtDbtInd>DBIT</CdtDbtInd>
					</Btch>
				</NtryDtls>
			</Ntry>
			<Ntry>
				<Amt Ccy="MUR">5000.</Amt>
				<CdtDbtInd>DBIT</CdtDbtInd>
				<Sts>
					<Cd>BOOK</Cd>
				</Sts>
				<ValDt>
					<Dt>2020-11-23</Dt>
				</ValDt>
				<AcctSvcrRef>390945</AcctSvcrRef>
				<BkTxCd>
					<Prtry>
						<Cd>pacs.008.001.08/NR</Cd>
					</Prtry>
				</BkTxCd>
				<NtryDtls>
					<Btch>
						<MsgId>BARCMUMU20201123175638</MsgId>
						<NbOfTxs>1</NbOfTxs>
						<TtlAmt Ccy="MUR">5000.</TtlAmt>
						<CdtDbtInd>DBIT</CdtDbtInd>
					</Btch>
				</NtryDtls>
			</Ntry>
			<Ntry>
				<Amt Ccy="MUR">8000.</Amt>
				<CdtDbtInd>DBIT</CdtDbtInd>
				<Sts>
					<Cd>BOOK</Cd>
				</Sts>
				<ValDt>
					<Dt>2020-11-23</Dt>
				</ValDt>
				<AcctSvcrRef>390961</AcctSvcrRef>
				<BkTxCd>
					<Prtry>
						<Cd>pacs.008.001.08/NR</Cd>
					</Prtry>
				</BkTxCd>
				<NtryDtls>
					<Btch>
						<MsgId>BARCMUMU20201123175735</MsgId>
						<NbOfTxs>1</NbOfTxs>
						<TtlAmt Ccy="MUR">8000.</TtlAmt>
						<CdtDbtInd>DBIT</CdtDbtInd>
					</Btch>
				</NtryDtls>
			</Ntry>
			<Ntry>
				<Amt Ccy="MUR">300.</Amt>
				<CdtDbtInd>DBIT</CdtDbtInd>
				<Sts>
					<Cd>BOOK</Cd>
				</Sts>
				<ValDt>
					<Dt>2020-11-23</Dt>
				</ValDt>
				<AcctSvcrRef>390973</AcctSvcrRef>
				<BkTxCd>
					<Prtry>
						<Cd>pacs.008.001.08/NR</Cd>
					</Prtry>
				</BkTxCd>
				<NtryDtls>
					<Btch>
						<MsgId>BARCMUMU20201123175686</MsgId>
						<NbOfTxs>1</NbOfTxs>
						<TtlAmt Ccy="MUR">300.</TtlAmt>
						<CdtDbtInd>DBIT</CdtDbtInd>
					</Btch>
				</NtryDtls>
			</Ntry>
			<Ntry>
				<Amt Ccy="MUR">350.</Amt>
				<CdtDbtInd>DBIT</CdtDbtInd>
				<Sts>
					<Cd>BOOK</Cd>
				</Sts>
				<ValDt>
					<Dt>2020-11-23</Dt>
				</ValDt>
				<AcctSvcrRef>390976</AcctSvcrRef>
				<BkTxCd>
					<Prtry>
						<Cd>pacs.008.001.08/NR</Cd>
					</Prtry>
				</BkTxCd>
				<NtryDtls>
					<Btch>
						<MsgId>BARCMUMU20201123175687</MsgId>
						<NbOfTxs>1</NbOfTxs>
						<TtlAmt Ccy="MUR">350.</TtlAmt>
						<CdtDbtInd>DBIT</CdtDbtInd>
					</Btch>
				</NtryDtls>
			</Ntry>
			<Ntry>
				<Amt Ccy="MUR">5000.</Amt>
				<CdtDbtInd>DBIT</CdtDbtInd>
				<Sts>
					<Cd>BOOK</Cd>
				</Sts>
				<ValDt>
					<Dt>2020-11-23</Dt>
				</ValDt>
				<AcctSvcrRef>391004</AcctSvcrRef>
				<BkTxCd>
					<Prtry>
						<Cd>pacs.008.001.08/NR</Cd>
					</Prtry>
				</BkTxCd>
				<NtryDtls>
					<Btch>
						<MsgId>BARCMUMU20201123175689</MsgId>
						<NbOfTxs>1</NbOfTxs>
						<TtlAmt Ccy="MUR">5000.</TtlAmt>
						<CdtDbtInd>DBIT</CdtDbtInd>
					</Btch>
				</NtryDtls>
			</Ntry>
			<Ntry>
				<Amt Ccy="MUR">4075.</Amt>
				<CdtDbtInd>DBIT</CdtDbtInd>
				<Sts>
					<Cd>BOOK</Cd>
				</Sts>
				<ValDt>
					<Dt>2020-11-23</Dt>
				</ValDt>
				<AcctSvcrRef>391045</AcctSvcrRef>
				<BkTxCd>
					<Prtry>
						<Cd>pacs.008.001.08/NR</Cd>
					</Prtry>
				</BkTxCd>
				<NtryDtls>
					<Btch>
						<MsgId>BARCMUMU20201123175639</MsgId>
						<NbOfTxs>1</NbOfTxs>
						<TtlAmt Ccy="MUR">4075.</TtlAmt>
						<CdtDbtInd>DBIT</CdtDbtInd>
					</Btch>
				</NtryDtls>
			</Ntry>
			<Ntry>
				<Amt Ccy="MUR">17000.</Amt>
				<CdtDbtInd>DBIT</CdtDbtInd>
				<Sts>
					<Cd>BOOK</Cd>
				</Sts>
				<ValDt>
					<Dt>2020-11-23</Dt>
				</ValDt>
				<AcctSvcrRef>391109</AcctSvcrRef>
				<BkTxCd>
					<Prtry>
						<Cd>pacs.008.001.08/NR</Cd>
					</Prtry>
				</BkTxCd>
				<NtryDtls>
					<Btch>
						<MsgId>BARCMUMU20201123175782</MsgId>
						<NbOfTxs>1</NbOfTxs>
						<TtlAmt Ccy="MUR">17000.</TtlAmt>
						<CdtDbtInd>DBIT</CdtDbtInd>
					</Btch>
				</NtryDtls>
			</Ntry>
			<Ntry>
				<Amt Ccy="MUR">1200.</Amt>
				<CdtDbtInd>DBIT</CdtDbtInd>
				<Sts>
					<Cd>BOOK</Cd>
				</Sts>
				<ValDt>
					<Dt>2020-11-23</Dt>
				</ValDt>
				<AcctSvcrRef>391112</AcctSvcrRef>
				<BkTxCd>
					<Prtry>
						<Cd>pacs.008.001.08/NR</Cd>
					</Prtry>
				</BkTxCd>
				<NtryDtls>
					<Btch>
						<MsgId>BARCMUMU20201123175832</MsgId>
						<NbOfTxs>1</NbOfTxs>
						<TtlAmt Ccy="MUR">1200.</TtlAmt>
						<CdtDbtInd>DBIT</CdtDbtInd>
					</Btch>
				</NtryDtls>
			</Ntry>
			<Ntry>
				<Amt Ccy="MUR">3000.</Amt>
				<CdtDbtInd>DBIT</CdtDbtInd>
				<Sts>
					<Cd>BOOK</Cd>
				</Sts>
				<ValDt>
					<Dt>2020-11-23</Dt>
				</ValDt>
				<AcctSvcrRef>391133</AcctSvcrRef>
				<BkTxCd>
					<Prtry>
						<Cd>pacs.008.001.08/NR</Cd>
					</Prtry>
				</BkTxCd>
				<NtryDtls>
					<Btch>
						<MsgId>BARCMUMU20201123175783</MsgId>
						<NbOfTxs>1</NbOfTxs>
						<TtlAmt Ccy="MUR">3000.</TtlAmt>
						<CdtDbtInd>DBIT</CdtDbtInd>
					</Btch>
				</NtryDtls>
			</Ntry>
			<Ntry>
				<Amt Ccy="MUR">2000.</Amt>
				<CdtDbtInd>DBIT</CdtDbtInd>
				<Sts>
					<Cd>BOOK</Cd>
				</Sts>
				<ValDt>
					<Dt>2020-11-23</Dt>
				</ValDt>
				<AcctSvcrRef>391221</AcctSvcrRef>
				<BkTxCd>
					<Prtry>
						<Cd>pacs.008.001.08/NR</Cd>
					</Prtry>
				</BkTxCd>
				<NtryDtls>
					<Btch>
						<MsgId>BARCMUMU20201123175785</MsgId>
						<NbOfTxs>1</NbOfTxs>
						<TtlAmt Ccy="MUR">2000.</TtlAmt>
						<CdtDbtInd>DBIT</CdtDbtInd>
					</Btch>
				</NtryDtls>
			</Ntry>
			<Ntry>
				<Amt Ccy="MUR">100.</Amt>
				<CdtDbtInd>DBIT</CdtDbtInd>
				<Sts>
					<Cd>BOOK</Cd>
				</Sts>
				<ValDt>
					<Dt>2020-11-23</Dt>
				</ValDt>
				<AcctSvcrRef>391249</AcctSvcrRef>
				<BkTxCd>
					<Prtry>
						<Cd>pacs.008.001.08/NR</Cd>
					</Prtry>
				</BkTxCd>
				<NtryDtls>
					<Btch>
						<MsgId>BARCMUMU20201123175932</MsgId>
						<NbOfTxs>1</NbOfTxs>
						<TtlAmt Ccy="MUR">100.</TtlAmt>
						<CdtDbtInd>DBIT</CdtDbtInd>
					</Btch>
				</NtryDtls>
			</Ntry>
			<Ntry>
				<Amt Ccy="MUR">300.</Amt>
				<CdtDbtInd>DBIT</CdtDbtInd>
				<Sts>
					<Cd>BOOK</Cd>
				</Sts>
				<ValDt>
					<Dt>2020-11-23</Dt>
				</ValDt>
				<AcctSvcrRef>391332</AcctSvcrRef>
				<BkTxCd>
					<Prtry>
						<Cd>pacs.008.001.08/NR</Cd>
					</Prtry>
				</BkTxCd>
				<NtryDtls>
					<Btch>
						<MsgId>BARCMUMU20201123175833</MsgId>
						<NbOfTxs>1</NbOfTxs>
						<TtlAmt Ccy="MUR">300.</TtlAmt>
						<CdtDbtInd>DBIT</CdtDbtInd>
					</Btch>
				</NtryDtls>
			</Ntry>
			<Ntry>
				<Amt Ccy="MUR">300.</Amt>
				<CdtDbtInd>DBIT</CdtDbtInd>
				<Sts>
					<Cd>BOOK</Cd>
				</Sts>
				<ValDt>
					<Dt>2020-11-23</Dt>
				</ValDt>
				<AcctSvcrRef>391333</AcctSvcrRef>
				<BkTxCd>
					<Prtry>
						<Cd>pacs.008.001.08/NR</Cd>
					</Prtry>
				</BkTxCd>
				<NtryDtls>
					<Btch>
						<MsgId>BARCMUMU20201123175885</MsgId>
						<NbOfTxs>1</NbOfTxs>
						<TtlAmt Ccy="MUR">300.</TtlAmt>
						<CdtDbtInd>DBIT</CdtDbtInd>
					</Btch>
				</NtryDtls>
			</Ntry>
			<Ntry>
				<Amt Ccy="MUR">300.</Amt>
				<CdtDbtInd>DBIT</CdtDbtInd>
				<Sts>
					<Cd>BOOK</Cd>
				</Sts>
				<ValDt>
					<Dt>2020-11-23</Dt>
				</ValDt>
				<AcctSvcrRef>391344</AcctSvcrRef>
				<BkTxCd>
					<Prtry>
						<Cd>pacs.008.001.08/NR</Cd>
					</Prtry>
				</BkTxCd>
				<NtryDtls>
					<Btch>
						<MsgId>BARCMUMU20201123175886</MsgId>
						<NbOfTxs>1</NbOfTxs>
						<TtlAmt Ccy="MUR">300.</TtlAmt>
						<CdtDbtInd>DBIT</CdtDbtInd>
					</Btch>
				</NtryDtls>
			</Ntry>
			<Ntry>
				<Amt Ccy="MUR">500.</Amt>
				<CdtDbtInd>DBIT</CdtDbtInd>
				<Sts>
					<Cd>BOOK</Cd>
				</Sts>
				<ValDt>
					<Dt>2020-11-23</Dt>
				</ValDt>
				<AcctSvcrRef>391351</AcctSvcrRef>
				<BkTxCd>
					<Prtry>
						<Cd>pacs.008.001.08/NR</Cd>
					</Prtry>
				</BkTxCd>
				<NtryDtls>
					<Btch>
						<MsgId>BARCMUMU20201123175834</MsgId>
						<NbOfTxs>1</NbOfTxs>
						<TtlAmt Ccy="MUR">500.</TtlAmt>
						<CdtDbtInd>DBIT</CdtDbtInd>
					</Btch>
				</NtryDtls>
			</Ntry>
			<Ntry>
				<Amt Ccy="MUR">1600.</Amt>
				<CdtDbtInd>DBIT</CdtDbtInd>
				<Sts>
					<Cd>BOOK</Cd>
				</Sts>
				<ValDt>
					<Dt>2020-11-23</Dt>
				</ValDt>
				<AcctSvcrRef>391399</AcctSvcrRef>
				<BkTxCd>
					<Prtry>
						<Cd>pacs.008.001.08/NR</Cd>
					</Prtry>
				</BkTxCd>
				<NtryDtls>
					<Btch>
						<MsgId>BARCMUMU20201123176032</MsgId>
						<NbOfTxs>1</NbOfTxs>
						<TtlAmt Ccy="MUR">1600.</TtlAmt>
						<CdtDbtInd>DBIT</CdtDbtInd>
					</Btch>
				</NtryDtls>
			</Ntry>
			<AddtlStmtInf>MORNING</AddtlStmtInf>
		</Stmt>
	</BkToCstmrStmt>
</Document>