<?xml version="1.0" encoding="UTF-8"?>
<config xmlns="http://web-harvest.sourceforge.net/schema/1.0/config" scriptlang="groovy">

<log message="Writing Data From Onshore_Gtee file to Listing DOM">
<var-def name="Results">
	<script><![CDATA[ 
	
		import java.io.File;
		import java.io.FileInputStream;
		import java.io.FileOutputStream;
		import java.util.Iterator;
		import java.util.List;
		import java.util.ArrayList;
		import java.text.SimpleDateFormat;	
		import org.apache.poi.ss.usermodel.Row.MissingCellPolicy;
		import org.apache.poi.ss.usermodel.DateUtil;
		import org.apache.poi.ss.usermodel.Cell;		
		import org.apache.poi.ss.usermodel.Row;
		import org.apache.poi.ss.usermodel.DataFormatter;
		import org.apache.poi.ss.usermodel.Workbook;
		import org.apache.poi.ss.usermodel.Sheet;
		import org.apache.poi.hssf.usermodel.HSSFSheet;
		import org.apache.poi.hssf.usermodel.HSSFWorkbook;
		import org.apache.poi.ss.usermodel.CreationHelper;
			
	List list = new ArrayList();
	String path = "C:\\Users\\r09135578\\Desktop\\New Folder\\PvOfSample.xls";	
	File inputfile = new File(path);
	FileInputStream inputfis = null;
	log.info("1");
	try
    {
	inputfis = new FileInputStream(inputfile);
	Workbook inputbook = new HSSFWorkbook(inputfis);
	Sheet inputsheet = inputbook.getSheet("Main");
	Iterator ite = inputsheet.iterator();
	FormulaEvaluator evaluator = inputbook.getCreationHelper().createFormulaEvaluator();
	log.info("2");

	int frow = inputsheet.getFirstRowNum();
	int lrow = inputsheet.getLastRowNum();	
	
	for(int i = 2 ; i < 6 ; i++){
	Row rows = inputsheet.getRow(i);
	if(rows == null){
		rows = inputsheet.createRow(i);
	}
	log.info("3");
	Iterator cellIterator = rows.iterator();
	List rowDataList = new ArrayList();
	 for(int j = 15 ; j < 16 ; j++){
				
		Cell cell = rows.getCell(j, Row.MissingCellPolicy.CREATE_NULL_AS_BLANK);			
		String cValue = "";	
		String valOfTotalContractualFees = "O"+i+"N"+i;	
		if(cell.getColumnIndex()==6){											
			switch(cell.getCellType()){						
				
				case Cell.CELL_TYPE_STRING:	
						log.info("String Value"+valOfTotalContractualFees);					
						cell.setCellFormula(valOfTotalContractualFees);
				case Cell.CELL_TYPE_BLANK:
					log.info("Its empty");
					cell = rows.createCell(j);
					cell.setCellFormula(valOfTotalContractualFees);
				default: 
						log.info("Its Working fine");						
				}				
			}
			
		}					
						
		}		
		inputfis.close();
		FileOutputStream fosn = new FileOutputStream(new File(path));	
		inputbook.write(fosn);
        fosn.close();
        System.out.println("Successfully Written on Destination File");
        
		
        }catch (Exception e){
            log.info("Handling Exceptions"+e.printStackTrace());
        }
	]]></script>
</var-def>
</log>


<export include-original-data="true"></export>
</config> 