<?xml version="1.0" encoding="UTF-8"?>
<config xmlns="http://web-harvest.sourceforge.net/schema/1.0/config" charset="UTF-8">

<log message="Reading Template and assign Map to retrive values easily">
	<script>
	    <![CDATA[
	    	    	
	        Map answerToSlotName = new LinkedHashMap();
	    ]]>
	</script>
	<loop item="row">
	    <list>
	        <datastore name="Testing">
	            select * from @this;
	        </datastore>
	    </list>
	    <body>
	        <script>
	            <![CDATA[
	                answerToSlotName.put(row.get("Name").toString(), row.get("Place").toString());
	            ]]>
	        </script>
	    </body>
	</loop>
	<script><![CDATA[ 
		log.info("The map values are : \t"+answerToSlotName);
		String name = answerToSlotName.get("Uday").toString();
		sys.defineVariable("nameValue",name);
		log.info("The Name Value is: \t"+name);
	]]></script>
</log>

<log message="Searching Counterparty Name in Onshore File">
	<var-def name="counterPartyOnshore">
		<datastore name="Onshore_Report_Treasury">
			SELECT counterpartyname FROM @this WHERE Assetaccount = '${nameValue}';
		</datastore>
	</var-def>
</log>

<log message="Searching Counterparty Name in Offshore and New File">
	<case>
		<if condition="${counterPartyOnshore.toString().isEmpty()}">
			<var-def name="counterPartyOffshore">
				<datastore name="Offshore_Report_Treasury">
					SELECT counterpartyname FROM @this WHERE Assetaccount = '${nameValue}';
				</datastore>
				<script><![CDATA[ 
					log.info("Counter Party Name in Offshore File is : \t"+counterPartyOffshore.toString());
				]]></script>
			</var-def>
			<case>
				<if condition="${counterPartyOffshore.toString().isEmpty()}">
					<var-def name="counterPartyNew">
						<datastore name="New_Report_Treasury">
							SELECT counterpartyname FROM @this WHERE Assetaccount = '${nameValue}';
						</datastore>
						<script><![CDATA[ 
							log.info("Counter Party Name in New File is : \t"+counterPartyNew.toString());
						]]></script>
					</var-def>
				</if>
			</case>		
		</if>
	</case>
</log>



<var-def name="TreasuryConfigDetails">
	<datastore name="Configs_Treasury">
		SELECT * FROM @this;
	</datastore>
</var-def>

<var-def name="">
	<template>TreasuryConfigDetails.get().get().toString()</template>
</var-def>

<var-def name="Updating Excel with Counter Party Name">
	<script><![CDATA[
	
		import org.apache.poi.xssf.usermodel.XSSFRow;
		import org.apache.poi.xssf.usermodel.XSSFCell;
		import org.apache.poi.xssf.usermodel.XSSFWorkbook;
		import org.apache.poi.ss.usermodel.Workbook;
		import org.apache.poi.ss.usermodel.Sheet;
		import org.apache.poi.ss.usermodel.Row;		
		import org.apache.poi.ss.usermodel.Cell;
		
		import java.io.File;
		import java.io.FileInputStream;
		import java.io.FileOutputStream;
		
		log.info("Reading Excel");
		
		File file = new File("C:\\Users\\Muthe Udaya Sankar\\Desktop\\counterPartyTest.xlsx");
		FileInputStream fis = new FileInputStream(file);
		Workbook book = new XSSFWorkbook(fis);
		Sheet sheet = book.getSheet("Sheet1");
		
		log.info("Writing into the cell");
		XSSFRow sheetRow = sheet.getRow(5);
		if(sheetRow == null){
		    sheetRow = sheet.createRow(5);
		}
		
		XSSFCell cell = sheetRow.getCell(1);
		if(cell == null){
		    cell = sheetRow.createCell(1);
		    cell.setCellValue("Success");
		}
		
		fis.close();
		log.info("Updating Excel");
		FileOutputStream fos = new FileOutputStream("C:\\Users\\Muthe Udaya Sankar\\Desktop\\counterPartyTest.xlsx");
		book.write(fos);
		fos.close();
	]]></script>
</var-def>

    <export include-original-data="true">
    </export>

</config>