<?xml version="1.0" encoding="UTF-8"?>
<config
	xmlns="http://web-harvest.sourceforge.net/schema/1.0/config"
	scriptlang="groovy">

	<robotics-flow>
		<robot driver="universal" close-on-completion="true"
			start-in-private="false">
			<capability name="SEARCH_ALL_WINDOWS" value="true" />
			<capability name="CLOSE_ALL_WINDOWS" value="false" />
			<script><![CDATA[
				import com.workfusion.studio.rpa.recorder.api.*
				import com.workfusion.studio.rpa.recorder.api.types.*
				import com.workfusion.studio.rpa.recorder.api.custom.*
				import com.workfusion.studio.rpa.recorder.api.internal.representation.*

				import com.workfusion.bot.exception.*


				com.workfusion.rpa.helpers.RPA.metaClass.static.$ = { Closure c -> c.call() } // Support for Expression action. Should be implemented in RPA class in next release.



				$(byImage("C:\\Users\\r09135578\\workfusion-workspace\\Treasury_Value\\images\\1571737397597-anchor-1571737397676.apng", Integer.valueOf(0), Integer.valueOf(0))).click()


				$(byImage("C:\\Users\\r09135578\\workfusion-workspace\\Treasury_Value\\images\\1571737635856-anchor-1571737635919.apng", Integer.valueOf(0), Integer.valueOf(0))).click()
			]]></script>
		</robot>
	</robotics-flow>
	<export include-original-data="true">
	</export>

</config>
