<?xml version="1.0" encoding="UTF-8"?>
<config xmlns="http://web-harvest.sourceforge.net/schema/1.0/config" scriptlang="groovy">

<log message="Sending a mail" >
	<mail smtp-host="mail.absa.co.za"  smtp-port="25" to="FINBOT.REPAUTO@barclaysafrica.com" from="MAUBOT03.MAURPA@barclaysafrica.com" 
	subject="Testing - Mail Attachment" type="html">
		<mail-attach inline="true">
			<file path="C:\\Users\\r09135578\\Desktop\\Treasury\\TreasuryTestData.xlsx" type="text"></file>
		</mail-attach>		
   </mail>			
</log>
    <export include-original-data="true"></export>

</config>