<?xml version="1.0" encoding="UTF-8"?>
<config xmlns="http://web-harvest.sourceforge.net/schema/1.0/config" scriptlang="groovy">

<var-def name="configDetails">
	<datastore name="Treasury_Config">
		SELECT * FROM @this;
	</datastore>
</var-def>

<log message="Copying One Sheet Data into another Excel Sheet">
	<var-def name="Results">
		<script><![CDATA[ 
		
		import java.io.File;
		import java.io.FileInputStream;
		import java.io.FileOutputStream;
		import java.io.IOException;
		import java.util.Iterator;
		import org.apache.poi.ss.usermodel.Cell;
		import org.apache.poi.ss.usermodel.Row;
		import org.apache.poi.xssf.usermodel.XSSFSheet;
		import org.apache.poi.xssf.usermodel.XSSFWorkbook;
		
		public class CopyContentOneWorkbookToOther {
		
			public static void main(String[] args) throws IOException 
			{
				
				File inputFile = new File("C:\\Users\\r09135578\\Desktop\\Fair_Value\\From.xlsx");
				FileInputStream fis = new FileInputStream(inputFile);
				XSSFWorkbook inputWorkbook = new XSSFWorkbook(fis);
				int inputSheetCount = inputWorkbook.getNumberOfSheets();
				System.out.println("Input sheetCount: "+inputSheetCount);								
				
				File outputFile = new File("C:\\Users\\r09135578\\Desktop\\Fair_Value\\sheet.xlsx");
				System.out.println("One");
				FileInputStream fisi = new FileInputStream(outputFile);
				XSSFWorkbook outputWorkbook = new XSSFWorkbook(fisi);
				System.out.println("two");
				
				FileOutputStream fos = new FileOutputStream(outputFile);
				System.out.println("three");											
				for(int i=0;i<inputSheetCount;i++) 
		                { 
		                System.out.println("four");
		                  XSSFSheet inputSheet = inputWorkbook.getSheetAt(i); 
		                  String inputSheetName = inputWorkbook.getSheetName(i); 
		                  System.out.println("five");
		                  XSSFSheet outputSheet = outputWorkbook.getSheet("Sheet2");
		                  System.out.println("sixs");		
		                  
		                 copySheet(inputSheet,outputSheet); 
		                }		
		               
		               outputWorkbook.write(fos); 		               
		               fos.close(); 
		          }
		
		           public static void copySheet(XSSFSheet inputSheet,XSSFSheet outputSheet) 
		           { 
		              int rowCount = inputSheet.getLastRowNum(); 
		              System.out.println(rowCount+" rows in inputsheet "+inputSheet.getSheetName()); 
		               
		                int currentRowIndex=0; if(rowCount>0)
						{
						Iterator rowIterator = inputSheet.iterator();
						while(rowIterator.hasNext())
						{
							int currentCellIndex=0;
							Iterator cellIterator=rowIterator.next();
							
							while(cellIterator.hasNext())
							{
						 
								String cellData=cellIterator.next().toString();
								if(currentCellIndex==0)
									outputSheet.createRow(currentRowIndex).createCell(currentCellIndex).setCellValue(cellData);
								else
									outputSheet.getRow(currentRowIndex).createCell(currentCellIndex).setCellValue(cellData);
							
								currentCellIndex++;
							}
						currentRowIndex++;
						}
					System.out.println((currentRowIndex-1)+" rows added to outputsheet "+outputSheet.getSheetName());
					System.out.println();
				}
			}
		}
		
		]]></script>
	</var-def>
</log>
    <export include-original-data="true"></export>

</config>