<?xml version="1.0" encoding="UTF-8"?>
<config
	xmlns="http://web-harvest.sourceforge.net/schema/1.0/config"
	scriptlang="groovy">

	<robotics-flow>
		<robot driver="universal" close-on-completion="true"
			start-in-private="false">
			<capability name="SEARCH_ALL_WINDOWS" value="true" />
			<capability name="CLOSE_ALL_WINDOWS" value="false" />
			<script><![CDATA[
				import com.workfusion.studio.rpa.recorder.api.*
				import com.workfusion.studio.rpa.recorder.api.types.*
				import com.workfusion.studio.rpa.recorder.api.custom.*
				import com.workfusion.studio.rpa.recorder.api.internal.representation.*

				import com.workfusion.bot.exception.*


				def notradenum = RBoolean.fromCanonical('false')


				def checkimage = RBoolean.fromCanonical('false')


				def adjustdate = RBoolean.fromCanonical('false')


				com.workfusion.rpa.helpers.RPA.metaClass.static.$ = { Closure c -> c.call() } // Support for Expression action. Should be implemented in RPA class in next release.



				$(byImage("C:\\Users\\r09135578\\workfusion-workspace\\Treasury_Value\\images\\1572514472214-anchor-1572514472297.apng", Integer.valueOf(0), Integer.valueOf(0))).click()


				$(byImage("C:\\Users\\r09135578\\workfusion-workspace\\Treasury_Value\\images\\1572514514181-anchor-1572514514248.apng", Integer.valueOf(0), Integer.valueOf(0))).click()



				def i1 = System.currentTimeMillis() + 30000

				boolean i0 = true

				while (i0) {
					try {
						$(byImage("C:\\Users\\r09135578\\workfusion-workspace\\Treasury_Value\\images\\1572601109936-anchor.apng")).getCoordinates()
						adjustdate = RBoolean.TRUE
						break
					} catch (Exception ignored) {
						adjustdate = RBoolean.FALSE
					}
					i0 = System.currentTimeMillis() < i1
				}



				def i3 = System.currentTimeMillis() + 40000

				boolean i2 = true

				while (i2) {
					try {
						$(byImage("C:\\Users\\r09135578\\workfusion-workspace\\Treasury_Value\\images\\1573040027476-anchor.apng")).getCoordinates()
						notradenum = RBoolean.TRUE
						break
					} catch (Exception ignored) {
						notradenum = RBoolean.FALSE
					}
					i2 = System.currentTimeMillis() < i3
				}


				$(byImage("C:\\Users\\r09135578\\workfusion-workspace\\Treasury_Value\\images\\1573803245140-anchor-1573803245172.apng", Integer.valueOf(0), Integer.valueOf(0))).click()


				$(byImage("C:\\Users\\r09135578\\workfusion-workspace\\Treasury_Value\\images\\1574062735284-anchor-1574062735355.apng", Integer.valueOf(0), Integer.valueOf(0))).click()


				$(byImage("C:\\Users\\r09135578\\workfusion-workspace\\Treasury_Value\\images\\1574062776354-anchor-1574062776414.apng", Integer.valueOf(0), Integer.valueOf(0))).click()




				putAt("notradenum", notradenum)
				putAt("checkimage", checkimage)
				putAt("adjustdate", adjustdate)
			]]></script>
		</robot>
	</robotics-flow>
	<export include-original-data="true">
		<single-column name="notradenum"
			value="${notradenum.toCanonicalRepresentation()}" />
		<single-column name="checkimage"
			value="${checkimage.toCanonicalRepresentation()}" />
		<single-column name="adjustdate"
			value="${adjustdate.toCanonicalRepresentation()}" />
	</export>

</config>
