<?xml version="1.0" encoding="UTF-8"?>
<config xmlns="http://web-harvest.sourceforge.net/schema/1.0/config" scriptlang="groovy">

	<robotics-flow>
		<robot driver="universal" close-on-completion="true"
			start-in-private="false">
			<capability name="SEARCH_ALL_WINDOWS" value="true" />
			<capability name="CLOSE_ALL_WINDOWS" value="false" />
			<script><![CDATA[
				import com.workfusion.studio.rpa.recorder.api.*
				import com.workfusion.studio.rpa.recorder.api.types.*
				import com.workfusion.studio.rpa.recorder.api.custom.*
				import com.workfusion.studio.rpa.recorder.api.internal.representation.*
				import com.workfusion.bot.exception.*
				
				import java.io.File;
				import java.io.FileInputStream;	
				
				import org.apache.poi.ss.usermodel.Row;
				import org.apache.poi.ss.usermodel.Cell;
				import org.apache.poi.ss.usermodel.Workbook;
				import org.apache.poi.ss.usermodel.Sheet;
				import org.apache.poi.xssf.usermodel.XSSFWorkbook;
				import org.apache.poi.xssf.usermodel.XSSFSheet;		
				
				File file = new File("C:\\Users\\r09135578\\Desktop\\Treasury\\Test Data\\Randomized Test Data\\Deposits_Loans\\Deposits\\Deposit_Instruction2.xlsm");  //File Path
				FileInputStream fis = new FileInputStream(file);
				Workbook book = new XSSFWorkbook(fis);
				Sheet sheet = book.getSheetAt(0);
				
				String extractedTradeNumber = "7,694,928"; //sheet.getRow(26).getCell(2);
				
				com.workfusion.rpa.helpers.RPA.metaClass.static.$ = { Closure c -> c.call() } // Support for Expression action. Should be implemented in RPA class in next release.
				sleep(10000);
				
				openChrome(UrlOperations.ensureProtocol("https://workspace.absacorp.com/logon/LogonPoint/tmindex.html"));
				sleep(10000);
				$(By.name("login")).val("r09135578");
				$(By.name("passwd")).val("Welcome123").pressTab();		
				sendKeys("cli");
				$(By.id("loginBtn")).click();
				Thread.sleep(10000);
				log.info("Its a weekend");				
				sendKeys(Keys.ENTER);
				sleep(10000);				
				$(By.id("protocolhandler-welcome-installButton")).click();
				sleep(5000);
				$(byImage("C:\\Users\\r09135578\\workfusion-workspace\\Treasury_Value\\images\\1571143320032-anchor-1571143320117.apng", Integer.valueOf(0), Integer.valueOf(0))).click()
				sleep(5000);
				$(By.id("legalstatement-checkbox2")).click();
				Thread.sleep(5000);
				
				$(By.id("protocolhandler-detect-alreadyInstalledLink")).click();
				Thread.sleep(5000);
				
				$(By.id("allAppsBtn")).click();
				
				sleep(10000);
				sendKeys("Front");
				sendKeys(Keys.ENTER);
				sleep(10000);
				$(byImage("C:\\Users\\r09135578\\workfusion-workspace\\Treasury_Value\\images\\1571144943915-anchor-1571144943953.apng", Integer.valueOf(0), Integer.valueOf(0))).click();
				
				sleep(20000);
				$(byImage("C:\\Users\\r09135578\\workfusion-workspace\\Treasury_Value\\images\\1571145337668-anchor-1571145337695.apng", Integer.valueOf(0), Integer.valueOf(0))).click();
				sleep(20000);
				$(byImage("C:\\Users\\r09135578\\workfusion-workspace\\Treasury_Value\\images\\1571737635856-anchor-1571737635919.apng", Integer.valueOf(0), Integer.valueOf(0))).click();
				sendKeys("ARO_PreProd");
				sendKeys('{ENTER}');
				sendKeys(Keys.ENTER);
				//Clicking on ok - Front Areana login Window				

				sleep(50000);
				def checkimage = RBoolean.fromCanonical('false');
				def adjustdate = RBoolean.fromCanonical('false')
				def i1 = System.currentTimeMillis() + 60000;
				boolean i0 = true;
				while (i0) {
					try {
						$(byImage("C:\\Users\\r09135578\\workfusion-workspace\\Testing123\\images\\1575526500410-anchor.apng")).getCoordinates();
						checkimage = RBoolean.TRUE;
						
						break;
					} catch (Exception ignored) {
						checkimage = RBoolean.FALSE;
						
					}
					
					i0 = System.currentTimeMillis() < i1;
				}
				sleep(3000);
				log.info("OutSide of try and Catch Block:\t"+checkimage);
				
				if(checkimage){
					log.info("checking for image to click");
				}else{
					log.info("Doing Alt+Tab");
					sendKeys('{ALTDOWN}{TAB 2}{ALTUP}');
				}
				sleep(5000);
				
				//need to bring front arena window to the top
				
				sendKeys("{ALTDOWN}7{ALTUP}");
				sendKeys("{TAB}");
				sendKeys("{RIGHT}");
				sendKeys("{ENTER}");
				sleep(5000);
				sendKeys("{ALTDOWN}f{ALTUP}");
				sendKeys("{TAB}");
				sendKeys("{ENTER}");
				
				//checkbox check
				
				sendKeys("WB0002MIBD");
				sendKeys("{ENTER}");
				sleep(5000);
				sendKeys("^f");
				sendKeys(extractedTradeNumber);
				sendKeys("{LEFT 3}");
				sendKeys("{BACKSPACE}");
				sendKeys("{LEFT 3}");
				sendKeys("{BACKSPACE}");
				sendKeys("{ENTER}");
				
				sleep(3000);
				sendKeys("{ALTDOWN}{F4}{ALTUP}");
				sleep(3000);
				
				sendKeys("+{F10}");
				sendKeys("{UP 3}");
				sendKeys("{RIGHT}");
				sendKeys("{ENTER}");
				sleep(5000);
				
				// IMPLEMENT SWITCH TO LIST WB0002MONS
				
				sendKeys("^f");
				sendKeys(extractedTradeNumber);
				sendKeys("{LEFT 3}");
				sendKeys("{BACKSPACE}");
				sendKeys("{LEFT 3}");
				sendKeys("{BACKSPACE}");
				sendKeys("{ENTER}");
				
				sleep(3000);
				sendKeys("{ALTDOWN}{F4}{ALTUP}");
				sleep(3000);
				
				sendKeys("+{F10}");
				sendKeys("{UP}"); //need to check navigation till RELEASE PAYMENT
				
				sendKeys("{ENTER}"); //Clicking on Save
				
				sendKeys("OK");
				sendKeys("{TAB}");
				sendKeys("{ENTER}");
				
				
				
			]]></script>
		</robot>
	</robotics-flow>
    <export include-original-data="true"></export>

</config>