<?xml version="1.0" encoding="UTF-8" standalone="no"?><recorder:ActionFlow xmlns:recorder="http://www.workfusion.com/recorder/v2.3.0.1" xmlns:xmi="http://www.omg.org/XMI" xmlns:xsi="http://www.w3.org/2001/XMLSchema-instance" awaitTimeout="5000" ignoreDelays="false" pollingInterval="300" waitTimeout="10000" xmi:version="2.0">
  <variables awaitTimeout="5000" pollingInterval="300">
    <variable awaitTimeout="5000" name="email" pollingInterval="300" type="STRING" value="tuk.tuk.rpa@gmail.com"/>
    <variable awaitTimeout="5000" name="subject" pollingInterval="300" type="STRING" value="Let’s make a call"/>
    <variable awaitTimeout="5000" name="login" pollingInterval="300" type="SECRET" value="gmail.KEY"/>
    <variable awaitTimeout="5000" name="password" pollingInterval="300" type="SECRET" value="gmail.VALUE"/>
    <variable awaitTimeout="5000" name="citytime" pollingInterval="300" type="STRING" value="default"/>
    <variable awaitTimeout="5000" name="mru_time" pollingInterval="300" type="STRING" value="defaultmru"/>
  </variables>
  <actions actionDetails="" active="true" awaitTimeout="5000" delay="0" pollingInterval="300" timeoutMs="10000" type="CHROME" url="https://accounts.google.com/signin/v2/identifier?continue=https%3A%2F%2Fmail.google.com%2Fmail%2F&amp;service=mail&amp;sacu=1&amp;rip=1&amp;flowName=GlifWebSignIn&amp;flowEntry=ServiceLogin" xsi:type="recorder:OpenURLAction">
    <actions actionDetails="" active="true" awaitTimeout="5000" delay="0" exactMatch="true" pollingInterval="300" searchInFrames="false" timeoutMs="10000" type="SET_VALUE" useElementAttribute="false" varName="login" webElementLocator="//*[@id=&quot;identifierId&quot;]" webElementLocatorType="XPATH" xsi:type="recorder:WebElementAction"/>
    <actions actionDetails="" active="true" awaitTimeout="5000" button="1" delay="0" exactMatch="true" pollingInterval="300" searchInFrames="false" timeoutMs="10000" type="WEB_ELEMENT" webElementLocator="//*[@id=&quot;identifierNext&quot;]/span/span" webElementLocatorType="XPATH" xsi:type="recorder:MouseClickAction"/>
    <actions actionDetails="" active="true" awaitTimeout="5000" delay="2000" exactMatch="true" pollingInterval="300" searchInFrames="false" timeoutMs="10000" type="SET_VALUE" useElementAttribute="false" varName="password" webElementLocator="//*[@id=&quot;password&quot;]/div[1]/div/div[1]/input" webElementLocatorType="XPATH" xsi:type="recorder:WebElementAction"/>
    <actions actionDetails="" active="true" awaitTimeout="5000" button="1" delay="0" exactMatch="true" pollingInterval="300" searchInFrames="false" timeoutMs="10000" type="WEB_ELEMENT" webElementLocator="//*[@id=&quot;passwordNext&quot;]/span/span" webElementLocatorType="XPATH" xsi:type="recorder:MouseClickAction"/>
    <actions actionDetails="" active="true" anchorOffsetY="1" awaitTimeout="5000" button="1" delay="10000" exactMatch="true" fullImageName="1566207560523.png" imageName="1566207560523-anchor-1566207560565.apng" pollingInterval="300" searchInFrames="false" selector="[CLASS:Chrome_RenderWidgetHostHWND]" timeoutMs="10000" type="IMAGE" webElementLocator="//*[@id=&quot;:8n&quot;]/div/div" webElementLocatorType="XPATH" xsi:type="recorder:MouseClickAction"/>
    <actions actionDetails="" active="true" awaitTimeout="5000" delay="2000" pollingInterval="300" timeoutMs="10000" type="TEXT_FROM_VAR" varName="email" xsi:type="recorder:KeyboardAction"/>
    <actions actionDetails="" active="true" awaitTimeout="5000" delay="0" keyChar="9" keyCode="15" keyLocation="1" pollingInterval="300" rawCode="9" text="{TAB}" timeoutMs="10000" xsi:type="recorder:KeyboardAction"/>
    <actions actionDetails="" active="true" awaitTimeout="5000" delay="0" keyChar="9" keyCode="15" keyLocation="1" pollingInterval="300" rawCode="9" text="{TAB}" timeoutMs="10000" xsi:type="recorder:KeyboardAction"/>
    <actions actionDetails="" active="true" awaitTimeout="5000" delay="0" pollingInterval="300" timeoutMs="10000" type="TEXT_FROM_VAR" varName="subject" xsi:type="recorder:KeyboardAction"/>
    <actions actionDetails="" active="true" awaitTimeout="5000" delay="0" keyChar="9" keyCode="15" keyLocation="1" pollingInterval="300" rawCode="9" text="{TAB}" timeoutMs="10000" xsi:type="recorder:KeyboardAction"/>
    <actions actionDetails="" active="true" awaitTimeout="5000" delay="0" pollingInterval="300" text="Hello everyone! &#13;&#10;&#13;&#10;Let’s make a call tomorrow at ${citytime}. &#13;&#10;Please take into consideration that in my city the time will be ${mru_time}.&#13;&#10;&#13;&#10;Regards!" timeoutMs="10000" type="KEY_TYPE" xsi:type="recorder:KeyboardAction"/>
    <actions actionDetails="" active="true" anchorOffsetX="144" anchorOffsetY="40" awaitTimeout="5000" button="1" delay="6000" exactMatch="true" fullImageName="1566217007564.png" imageName="1566217007564-anchor-1566217007585.apng" offsetX="-104" offsetY="3" pollingInterval="300" searchInFrames="false" timeoutMs="10000" type="IMAGE" webElementLocator="//*[@id=&quot;:d9&quot;]" webElementLocatorType="XPATH" xsi:type="recorder:MouseClickAction"/>
  </actions>
  <settings awaitTimeout="5000" pollingInterval="300"><setting name="isEnableTypeOnScreen" value="false"/></settings>
</recorder:ActionFlow>