<?xml version="1.0" encoding="UTF-8" standalone="no"?><recorder:ActionFlow xmlns:recorder="http://www.workfusion.com/recorder/v2.3.0.1" xmlns:xmi="http://www.omg.org/XMI" xmlns:xsi="http://www.w3.org/2001/XMLSchema-instance" awaitTimeout="5000" ignoreDelays="false" pollingInterval="300" waitTimeout="10000" xmi:version="2.0">
  <variables awaitTimeout="5000" pollingInterval="300">
    <variable awaitTimeout="5000" name="link_list" pollingInterval="300" type="STRING" value="http://localhost:15110/public/Card1.png"/>
    <variable awaitTimeout="5000" name="company_name" pollingInterval="300" type="STRING" value=""/>
    <variable awaitTimeout="5000" name="city" pollingInterval="300" type="STRING" value=""/>
    <variable awaitTimeout="5000" name="email" pollingInterval="300" type="STRING" value=""/>
  </variables>
  <actions actionDetails="" active="false" autoDetectWindow="true" awaitTimeout="5000" command="C:\Users\irfaa\Desktop\Cards\cards.bat" delay="0" pollingInterval="300" timeoutMs="10000" xsi:type="recorder:LaunchAppAction"/>
  <actions actionDetails="" active="false" awaitTimeout="5000" delay="2000" keyCode="88" keyLocation="1" pollingInterval="300" rawCode="123" text="{F12}" timeoutMs="10000" xsi:type="recorder:KeyboardAction"/>
  <actions actionDetails="" active="false" awaitTimeout="5000" button="1" delay="2000" exactMatch="true" fullImageName="1565935681611.png" imageName="1565935681611-anchor-1565935681737.apng" pollingInterval="300" searchInFrames="false" timeoutMs="10000" type="IMAGE" webElementLocatorType="XPATH" xsi:type="recorder:MouseClickAction"/>
  <actions actionDetails="" active="false" awaitTimeout="5000" button="1" delay="1000" exactMatch="true" fullImageName="1565935981017.png" imageName="1565935981017-anchor-1565935981038.apng" pollingInterval="300" searchInFrames="false" timeoutMs="10000" type="IMAGE" webElementLocatorType="XPATH" xsi:type="recorder:MouseClickAction"/>
  <actions actionDetails="" active="false" awaitTimeout="5000" delay="0" keyChar="13" keyCode="28" keyLocation="4" pollingInterval="300" rawCode="10" text="{ENTER}" timeoutMs="10000" xsi:type="recorder:KeyboardAction"/>
  <actions actionDetails="" active="false" awaitTimeout="5000" delay="2000" pollingInterval="300" timeoutMs="10000" xsi:type="recorder:CloseCurrentWindowAction"/>
  <actions actionDetails="" active="true" awaitTimeout="5000" delay="0" pollingInterval="300" timeoutMs="10000" type="CHROME" url="${link_list}" waitTimeout="2000" xsi:type="recorder:OpenURLAction">
    <actions actionDetails="" active="true" anchorOffsetX="15" anchorOffsetY="18" awaitTimeout="5000" delay="0" fullImageName="1565938636941.png" height="50" imageName="1565938636941-anchor-1565938636978.apng" language="English" offsetX="99" offsetY="173" pollingInterval="300" timeoutMs="10000" type="CONTROL" varName="company_name" width="208" xsi:type="recorder:OcrAction"/>
    <actions actionDetails="" active="true" anchorOffsetX="315" anchorOffsetY="32" awaitTimeout="5000" delay="0" fullImageName="1565939460819.png" height="40" imageName="1565939460819-anchor-1565939460841.apng" language="English" offsetX="18" offsetY="-25" pollingInterval="300" timeoutMs="10000" type="CONTROL" varName="city" width="150" xsi:type="recorder:OcrAction"/>
    <actions actionDetails="" active="true" anchorOffsetX="73" anchorOffsetY="271" awaitTimeout="5000" delay="0" fullImageName="1565940005005.png" height="55" imageName="1565940005005-anchor-1565940005065.apng" language="English" offsetX="93" offsetY="-217" pollingInterval="300" timeoutMs="10000" type="CONTROL" varName="email" width="431" xsi:type="recorder:OcrAction"/>
  </actions>
  <settings awaitTimeout="5000" pollingInterval="300"><setting name="isEnableTypeOnScreen" value="false"/></settings>
</recorder:ActionFlow>