<?xml version="1.0" encoding="UTF-8" standalone="no"?><recorder:ActionFlow xmlns:recorder="http://www.workfusion.com/recorder/v2.3.0.1" xmlns:xmi="http://www.omg.org/XMI" xmlns:xsi="http://www.w3.org/2001/XMLSchema-instance" awaitTimeout="5000" ignoreDelays="false" pollingInterval="300" waitTimeout="10000" xmi:version="2.0">
  <variables awaitTimeout="5000" pollingInterval="300">
    <variable awaitTimeout="5000" name="mru_time" pollingInterval="300" type="STRING" value="defaultmru"/>
    <variable awaitTimeout="5000" name="city" pollingInterval="300" type="STRING" value="Minsk"/>
    <variable awaitTimeout="5000" name="citytime" pollingInterval="300" type="STRING" value="default"/>
  </variables>
  <actions actionDetails="" active="true" awaitTimeout="5000" delay="0" pollingInterval="300" timeoutMs="10000" type="CHROME" url="https://www.worldtimeserver.com/" waitTimeout="20000" xsi:type="recorder:OpenURLAction">
    <actions actionDetails="" active="true" awaitTimeout="5000" delay="10000" exactMatch="true" pollingInterval="300" searchInFrames="false" timeoutMs="10000" useElementAttribute="false" varName="mru_time" webElementLocator="//*[@id=&quot;theTime&quot;]" webElementLocatorType="XPATH" xsi:type="recorder:WebElementAction"/>
    <actions actionDetails="" active="true" awaitTimeout="5000" delay="0" exactMatch="true" pollingInterval="300" searchInFrames="false" timeoutMs="10000" type="SET_VALUE" useElementAttribute="false" varName="city" webElementLocator="//*[@id=&quot;qtc&quot;]" webElementLocatorType="XPATH" xsi:type="recorder:WebElementAction"/>
    <actions actionDetails="" active="true" awaitTimeout="5000" delay="2000" keyCode="57424" keyLocation="4" pollingInterval="300" rawCode="40" text="{DOWN}" timeoutMs="10000" xsi:type="recorder:KeyboardAction"/>
    <actions actionDetails="" active="true" awaitTimeout="5000" delay="2000" keyChar="13" keyCode="28" keyLocation="4" pollingInterval="300" rawCode="10" text="{ENTER}" timeoutMs="10000" xsi:type="recorder:KeyboardAction"/>
    <actions actionDetails="" active="true" awaitTimeout="5000" delay="4000" exactMatch="true" pollingInterval="300" searchInFrames="false" timeoutMs="10000" useElementAttribute="false" varName="citytime" webElementLocator="//*[@id=&quot;theTime&quot;]" webElementLocatorType="XPATH" xsi:type="recorder:WebElementAction"/>
  </actions>
  <settings awaitTimeout="5000" pollingInterval="300"><setting name="isEnableTypeOnScreen" value="false"/></settings>
</recorder:ActionFlow>