<?xml version="1.0" encoding="UTF-8" standalone="no"?><recorder:ActionFlow xmlns:recorder="http://www.workfusion.com/recorder/v2.3.0.1" xmlns:xmi="http://www.omg.org/XMI" xmlns:xsi="http://www.w3.org/2001/XMLSchema-instance" awaitTimeout="5000" ignoreDelays="false" pollingInterval="300" waitTimeout="10000" xmi:version="2.0">
  <variables awaitTimeout="5000" pollingInterval="300">
    <variable awaitTimeout="5000" name="str_xlsx_path" pollingInterval="300" type="STRING" value="C:\Users\irfaa\Desktop\Cards"/>
    <variable awaitTimeout="5000" name="str_xlsx_file" pollingInterval="300" type="STRING" value="a1"/>
    <variable awaitTimeout="5000" name="boolean_xlsx_file_exist" pollingInterval="300" type="BOOLEAN" value="false"/>
    <variable awaitTimeout="5000" name="table_header" pollingInterval="300" type="TABLE" value="[('Q29tcGFueSBuYW1l', 'Q2l0eQ==', 'RW1haWw=')]"/>
    <variable awaitTimeout="5000" name="company_name" pollingInterval="300" type="STRING" value=""/>
    <variable awaitTimeout="5000" name="city" pollingInterval="300" type="STRING" value=""/>
    <variable awaitTimeout="5000" name="email" pollingInterval="300" type="STRING" value=""/>
  </variables>
  <actions actionDetails="" active="true" awaitTimeout="5000" delay="0" groupName="Create empty xlsx file" pollingInterval="300" timeoutMs="10000" xsi:type="recorder:BaseNestedAction">
    <actions actionDetails="" active="true" awaitTimeout="5000" delay="0" path="${str_xlsx_path}\${str_xlsx_file}.xlsx" pollingInterval="300" targetVariable="boolean_xlsx_file_exist" timeoutMs="10000" xsi:type="recorder:FileExistsAction"/>
    <actions actionDetails="" active="true" awaitTimeout="5000" delay="0" leftOperand="${boolean_xlsx_file_exist}" leftOperandType="VARIABLE" pollingInterval="300" rightOperand="false" rightOperandType="BOOLEAN" timeoutMs="10000" xsi:type="recorder:IfElseAction">
      <ifBlock active="true" awaitTimeout="5000" pollingInterval="300">
        <actions actionDetails="" active="true" awaitTimeout="5000" createFolder="false" delay="0" encoding="UTF-8" path="${str_xlsx_path}" pollingInterval="300" resolution="SKIP" timeoutMs="10000" xsi:type="recorder:FileCreateAction"/>
        <actions actionDetails="" active="true" awaitTimeout="5000" delay="0" keyLocation="1" modifiers="4" pollingInterval="300" text="" timeoutMs="10000" type="HOT_KEY_PRESS" xsi:type="recorder:KeyboardAction"/>
        <actions actionDetails="" active="true" awaitTimeout="5000" delay="0" keyChar="27" keyCode="1" keyLocation="1" pollingInterval="300" rawCode="27" text="{ESCAPE}" timeoutMs="10000" xsi:type="recorder:KeyboardAction"/>
        <actions actionDetails="" active="true" awaitTimeout="5000" delay="0" keyChar="114" keyCode="19" keyLocation="1" modifiers="4" pollingInterval="300" rawCode="82" text="r" timeoutMs="10000" type="HOT_KEY_PRESS" xsi:type="recorder:KeyboardAction"/>
        <actions actionDetails="" active="true" awaitTimeout="5000" delay="0" pollingInterval="300" text="excel p/&quot;${str_xlsx_path}&quot;" timeoutMs="10000" type="KEY_TYPE" varName="str_xlsx_path" xsi:type="recorder:KeyboardAction"/>
        <actions actionDetails="" active="true" awaitTimeout="5000" delay="0" keyChar="13" keyCode="28" keyLocation="4" pollingInterval="300" rawCode="10" text="{ENTER}" timeoutMs="10000" xsi:type="recorder:KeyboardAction"/>
        <actions actionDetails="" active="true" awaitTimeout="5000" delay="0" keyChar="13" keyCode="28" keyLocation="4" pollingInterval="300" rawCode="10" text="{ENTER}" timeoutMs="10000" xsi:type="recorder:KeyboardAction"/>
        <actions actionDetails="" active="true" awaitTimeout="5000" delay="5000" pollingInterval="300" timeoutMs="10000" xsi:type="recorder:WaitAction"/>
        <actions actionDetails="" active="true" awaitTimeout="5000" delay="0" keyChar="110" keyCode="49" keyLocation="1" modifiers="2" pollingInterval="300" rawCode="78" text="n" timeoutMs="10000" type="HOT_KEY_PRESS" xsi:type="recorder:KeyboardAction"/>
        <actions actionDetails="" active="true" awaitTimeout="5000" delay="0" keyChar="27" keyCode="1" keyLocation="1" pollingInterval="300" rawCode="27" text="{ESCAPE}" timeoutMs="10000" xsi:type="recorder:KeyboardAction"/>
        <actions actionDetails="" active="true" awaitTimeout="5000" delay="0" keyCode="88" keyLocation="1" pollingInterval="300" rawCode="123" text="{F12}" timeoutMs="10000" xsi:type="recorder:KeyboardAction"/>
        <actions actionDetails="" active="true" awaitTimeout="5000" delay="3000" pollingInterval="300" timeoutMs="10000" xsi:type="recorder:WaitAction"/>
        <actions actionDetails="" active="true" awaitTimeout="5000" clazz="#32770" delay="0" modeType="SELECTED" pollingInterval="300" selector="//*[@class='#32770'][@title='Save As']" timeoutMs="10000" title="Save As" xsi:type="recorder:SwitchWindowAction">
          <actions actionDetails="" active="true" anchorOffsetX="637" anchorOffsetY="4" awaitTimeout="5000" button="1" delay="0" exactMatch="true" fullImageName="1566289232673.png" imageName="1566289232673-anchor-1566289232727.apng" offsetX="-79" offsetY="-1" pollingInterval="300" searchInFrames="false" selector="[]" timeoutMs="10000" type="IMAGE" webElementLocatorType="XPATH" xsi:type="recorder:MouseClickAction"/>
          <actions actionDetails="" active="true" awaitTimeout="5000" delay="0" keyChar="97" keyCode="30" keyLocation="1" modifiers="2" pollingInterval="300" rawCode="65" text="a" timeoutMs="10000" type="HOT_KEY_PRESS" xsi:type="recorder:KeyboardAction"/>
          <actions actionDetails="" active="true" awaitTimeout="5000" delay="0" keyChar="8" keyCode="14" keyLocation="1" pollingInterval="300" rawCode="8" text="{BACKSPACE}" timeoutMs="10000" xsi:type="recorder:KeyboardAction"/>
          <actions actionDetails="" active="true" awaitTimeout="5000" delay="0" pollingInterval="300" timeoutMs="10000" type="TEXT_FROM_VAR" varName="str_xlsx_path" xsi:type="recorder:KeyboardAction"/>
          <actions actionDetails="" active="true" awaitTimeout="5000" delay="0" keyChar="13" keyCode="28" keyLocation="4" pollingInterval="300" rawCode="10" text="{ENTER}" timeoutMs="10000" xsi:type="recorder:KeyboardAction"/>
          <actions actionDetails="" active="true" awaitTimeout="5000" button="1" clickType="DOUBLE_CLICK" delay="2000" exactMatch="true" pollingInterval="300" searchInFrames="false" selector="[CLASS:Edit]" timeoutMs="10000" type="CONTROL" webElementLocatorType="XPATH" xsi:type="recorder:MouseClickAction"/>
          <actions actionDetails="" active="true" awaitTimeout="5000" delay="0" pollingInterval="300" text="${str_xlsx_file}.xlsx" timeoutMs="10000" type="KEY_TYPE" xsi:type="recorder:KeyboardAction"/>
          <actions actionDetails="" active="true" anchorOffsetX="124" anchorOffsetY="24" awaitTimeout="5000" button="1" delay="0" exactMatch="true" fullImageName="1566291398875.png" imageName="1566291398875-anchor-1566291398894.apng" offsetX="-119" pollingInterval="300" searchInFrames="false" timeoutMs="10000" type="IMAGE" webElementLocatorType="XPATH" xsi:type="recorder:MouseClickAction"/>
        </actions>
        <actions actionDetails="" active="true" awaitTimeout="5000" delay="2000" pollingInterval="300" timeoutMs="10000" xsi:type="recorder:WaitAction"/>
        <actions actionDetails="" active="true" awaitTimeout="5000" clazz="" delay="0" modeType="BY_TITLE" pollingInterval="300" timeoutMs="2000" title="(?i).*\Q${str_xlsx_file}\E.*" useRegexpTitle="true" xsi:type="recorder:SwitchWindowAction">
          <actions actionDetails="" active="true" awaitTimeout="5000" delay="1500" pollingInterval="300" timeoutMs="10000" xsi:type="recorder:WaitAction"/>
          <actions actionDetails="" active="true" awaitTimeout="5000" delay="0" pollingInterval="300" timeoutMs="10000" xsi:type="recorder:CloseCurrentWindowAction"/>
        </actions>
        <actions actionDetails="" active="true" autoSaveFile="true" awaitTimeout="5000" delay="0" filePath="${str_xlsx_path}/${str_xlsx_file}.xlsx" pollingInterval="300" timeoutMs="10000" xsi:type="recorder:OpenSpreadsheetAction">
          <actions actionDetails="" active="true" awaitTimeout="5000" coordinateFrom="A1" delay="0" pollingInterval="300" sourceVariable="table_header" timeoutMs="10000" xsi:type="recorder:ExcelSetRangeAction"/>
        </actions>
        <actions actionDetails="" active="true" awaitTimeout="5000" delay="0" pollingInterval="300" timeoutMs="10000" xsi:type="recorder:CloseCurrentWindowAction"/>
      </ifBlock>
      <elseBlock actions="" active="true" awaitTimeout="5000" pollingInterval="300"/>
    </actions>
    <actions actionDetails="" active="true" autoSaveFile="true" awaitTimeout="5000" delay="0" filePath="${str_xlsx_path}/${str_xlsx_file}.xlsx" pollingInterval="300" timeoutMs="10000" xsi:type="recorder:OpenSpreadsheetAction">
      <actions actionDetails="" active="true" awaitTimeout="5000" cellPosition="CELL_BELOW" delay="0" pollingInterval="300" timeoutMs="10000" xsi:type="recorder:ExcelSetActiveCellAction"/>
      <actions actionDetails="" active="true" awaitTimeout="5000" cellPosition="CELL_TO_THE_LEFT" delay="0" pollingInterval="300" timeoutMs="10000" xsi:type="recorder:ExcelSetActiveCellAction"/>
      <actions actionDetails="" active="true" awaitTimeout="5000" cellPosition="CELL_TO_THE_LEFT" delay="0" pollingInterval="300" timeoutMs="10000" xsi:type="recorder:ExcelSetActiveCellAction"/>
      <actions actionDetails="" active="true" awaitTimeout="5000" cellPosition="CURRENT" delay="0" pollingInterval="300" timeoutMs="10000" varName="company_name" xsi:type="recorder:SetCellValueAction"/>
      <actions actionDetails="" active="true" awaitTimeout="5000" cellPosition="CELL_TO_THE_RIGHT" delay="0" pollingInterval="300" timeoutMs="10000" varName="city" xsi:type="recorder:SetCellValueAction"/>
      <actions actionDetails="" active="true" awaitTimeout="5000" cellPosition="CELL_TO_THE_RIGHT" delay="0" pollingInterval="300" timeoutMs="10000" varName="email" xsi:type="recorder:SetCellValueAction"/>
    </actions>
  </actions>
  <settings awaitTimeout="5000" pollingInterval="300"><setting name="isEnableTypeOnScreen" value="false"/></settings>
</recorder:ActionFlow>