<?xml version="1.0" encoding="US-ASCII" standalone="yes"?>
<objectListWrapper>
    <objects>
        <objectContainer>
            <project>
                <name>Business Process 08/19/2019 04:49:26 20-8-2019</name>
                <description></description>
                <author>administrator</author>
                <runs>
                    <run>
                        <blockSize>1</blockSize>
                        <campaign>
                            <active>true</active>
                            <businessRules/>
                            <campaignMaps>
                                <campaignMap>
                                    <activateTracking>false</activateTracking>
                                    <blockSize>1</blockSize>
                                    <businessRule>
                                        <content># Rule.Definition={"moderationRule":false,"approveAllRule":false,"splitData":false,"splitRule":false,"splitRuleSuffix":"","joinRule":false,"joinRuleSuffix":"","streamingRule":false,"streamingRuleSuffix":"","namedRule":false,"namedRuleName":""}
package com.freedomoss.requester;

# list any import classes here.
import java.util.Map;
import java.util.ArrayList;
import com.freedomoss.objective.model.CompositeRuleContext;
import com.freedomoss.objective.model.CompositeRuleDataItemContext;
import org.slf4j.Logger;


# declare any global variables here
global CompositeRuleContext source
global Logger log
global Map params


rule "Rule context initialization"
auto-focus true
no-loop
agenda-group "initialization-group"
    when
        $ctx:CompositeRuleContext(initialized == false);
    then
        # insert processed facts into memory
        $ctx.updateWorkingMemory();
        # move to business rules
        kcontext.getKnowledgeRuntime().getAgenda().getAgendaGroup("calculation").setFocus();
end

# RuleOutcome.Definition={"outcomeId":"Workfusion","conditional":true,"reworkBySameWorker":false,"assignToSameWorker":false,"anableLogging":false,"sendRejectNotification":false,"assignToAnyWorker":false,"approveRelatedAssignments":false,"rejectRelatedAssignments":false,"renameAutomationAnswerItem":false,"conditions":[{"fieldName":"company_name","value":"Workfusion","operator":"EQ"}],"customConditions":[]}
rule "1. Send records to 'Workfusion' when company_name EQ 'Workfusion'"
agenda-group "calculation"
dialect "mvel"
salience 100
    when
        $ctx:CompositeRuleContext(initialized == true);
        $item:CompositeRuleDataItemContext();
        eval($item.checkValue("company_name", "EQ", "Workfusion"));

    then
        $ctx.sendResultTo("Workfusion", $item);
end

# RuleOutcome.Definition={"outcomeId":"Plotmaps","conditional":true,"reworkBySameWorker":false,"assignToSameWorker":false,"anableLogging":false,"sendRejectNotification":false,"assignToAnyWorker":false,"approveRelatedAssignments":false,"rejectRelatedAssignments":false,"renameAutomationAnswerItem":false,"conditions":[{"fieldName":"company_name","value":"Plotmaps","operator":"EQ"}],"customConditions":[]}
rule "2. Send records to 'Plotmaps' when company_name EQ 'Plotmaps'"
agenda-group "calculation"
dialect "mvel"
salience 100
    when
        $ctx:CompositeRuleContext(initialized == true);
        $item:CompositeRuleDataItemContext();
        eval($item.checkValue("company_name", "EQ", "Plotmaps"));

    then
        $ctx.sendResultTo("Plotmaps", $item);
end



rule "Send unprocessed result to unconditional outcome(s)"
agenda-group "calculation"
dialect "mvel"
salience 80
    when
        $ctx:CompositeRuleContext(initialized == true);
        $item:CompositeRuleDataItemContext();
    then
        $ctx.sendResultToUnconditionalOutcomes($item, true);
end</content>
                                        <name>Decision Rule</name>
                                        <ruleType>WORKFLOW_RULE</ruleType>
                                        <ruleTypeUI>Composite</ruleTypeUI>
                                        <uuid>36ac8b56-0fc8-4f96-9617-00c13f0f6d5d</uuid>
                                        <workflowRuleMode>SIMPLE</workflowRuleMode>
                                    </businessRule>
                                    <campaign>
                                        <active>false</active>
                                        <businessRules/>
                                        <campaignMaps/>
                                        <campaigns/>
                                        <createNewTrainingSet>false</createNewTrainingSet>
                                        <executingType>MACHINE</executingType>
                                        <goldBucketBlockSize>0</goldBucketBlockSize>
                                        <goldRatio>0</goldRatio>
                                        <goldSource>Empty</goldSource>
                                        <goldType>Percentage</goldType>
                                        <includeOriginalData>false</includeOriginalData>
                                        <machineConfig>
                                            <answers/>
                                            <content>&lt;?xml version="1.0" encoding="UTF-8"?&gt;
&lt;config xmlns="http://web-harvest.sourceforge.net/schema/1.0/config" scriptlang="groovy"&gt;

    &lt;robotics-flow&gt;
        &lt;recorder close-on-completion="true" close-all-windows="false" start-in-private="false" recorder-script-uuid="2f16d7e1-3f58-49cb-9ae4-a2033ccd1013"/&gt;
    &lt;/robotics-flow&gt;

    &lt;export include-original-data="true"&gt;
                &lt;single-column name="city" value="${city}"&gt;&lt;/single-column&gt;
                &lt;single-column name="company_name" value="${company_name}"&gt;&lt;/single-column&gt;
                &lt;single-column name="link_list" value="${link_list}"&gt;&lt;/single-column&gt;
                &lt;single-column name="email" value="${email}"&gt;&lt;/single-column&gt;
    &lt;/export&gt;

&lt;/config&gt;</content>
                                            <description></description>
                                            <includedConfigs/>
                                            <inclusionCode>ec5cbe65-e472-4f7b-b28f-f24eda2c974c</inclusionCode>
                                            <jsonParams>{"configXMLModified":"true"}</jsonParams>
                                            <machineWorkSetting>
                                                <category>
                                                    <automation>false</automation>
                                                    <description></description>
                                                    <enabled>true</enabled>
                                                    <executingType>MACHINE</executingType>
                                                    <name>Other</name>
                                                    <private>false</private>
                                                    <publicId>dd92f240-144b-4fef-8476-4ec0acbc1105</publicId>
                                                </category>
                                                <contentType>BLANK</contentType>
                                                <description></description>
                                                <enabled>true</enabled>
                                                <name>Miscellaneous Tasks</name>
                                                <publicId>26e6e095-00bb-43fa-8c34-af0b18e71ac9</publicId>
                                                <version>
                                                    <componentUuid>26e6e095-00bb-43fa-8c34-af0b18e71ac9</componentUuid>
                                                    <incrementalVersion>1.0</incrementalVersion>
                                                    <lastInChain>true</lastInChain>
                                                    <lastModified>2019-08-07T14:52:48Z</lastModified>
                                                    <versionUuid>26e6e095-00bb-43fa-8c34-af0b18e71ac9</versionUuid>
                                                </version>
                                                <answers/>
                                                <machineWorkSettingType>BASIC</machineWorkSettingType>
                                                <template>
                                                    <content>&lt;?xml version="1.0" encoding="UTF-8"?&gt;
&lt;config charset="UTF-8"&gt;
	&lt;export include-original-data="true"&gt;
	&lt;/export&gt;
&lt;/config&gt;</content>
                                                    <name>Blank</name>
                                                    <origination>CREATED_MANUALLY</origination>
                                                    <status>ACTIVE</status>
                                                    <type>BASE_MACHINE</type>
                                                    <uuid>8f04bd99-7f51-4796-a528-d1a7c9ccfbc4</uuid>
                                                    <version>
                                                        <componentUuid>8f04bd99-7f51-4796-a528-d1a7c9ccfbc4</componentUuid>
                                                        <incrementalVersion>1.0</incrementalVersion>
                                                        <lastInChain>true</lastInChain>
                                                        <lastModified>2012-12-27T00:00:00Z</lastModified>
                                                        <versionUuid>8f04bd99-7f51-4796-a528-d1a7c9ccfbc4</versionUuid>
                                                    </version>
                                                </template>
                                            </machineWorkSetting>
                                            <machineWorkSettingType>RECORDER</machineWorkSettingType>
                                            <name>OCR </name>
                                            <machineConfigOptions/>
                                            <sourceType>MANUAL</sourceType>
                                            <template>
                                                <content>&lt;?xml version="1.0" encoding="UTF-8"?&gt;
&lt;config charset="UTF-8"&gt;
	&lt;export include-original-data="true"&gt;
	&lt;/export&gt;
&lt;/config&gt;</content>
                                                <name>Blank</name>
                                                <origination>CREATED_MANUALLY</origination>
                                                <status>ACTIVE</status>
                                                <type>BASE_MACHINE</type>
                                                <uuid>8f04bd99-7f51-4796-a528-d1a7c9ccfbc4</uuid>
                                                <version>
                                                    <componentUuid>8f04bd99-7f51-4796-a528-d1a7c9ccfbc4</componentUuid>
                                                    <incrementalVersion>1.0</incrementalVersion>
                                                    <lastInChain>true</lastInChain>
                                                    <lastModified>2012-12-27T00:00:00Z</lastModified>
                                                    <versionUuid>8f04bd99-7f51-4796-a528-d1a7c9ccfbc4</versionUuid>
                                                </version>
                                            </template>
                                            <uuid>88e888db-3082-4379-86f4-50ba137bd55c</uuid>
                                            <version>
                                                <componentUuid>f006efa2-3ee4-427d-9c43-364d7947edcf</componentUuid>
                                                <incrementalVersion>1.1</incrementalVersion>
                                                <lastInChain>true</lastInChain>
                                                <lastModified>2019-08-19T11:08:25Z</lastModified>
                                                <versionUuid>ba171b7d-d175-4daf-8449-bcf0e1b35633</versionUuid>
                                            </version>
                                        </machineConfig>
                                        <moderation>false</moderation>
                                        <origination>CREATED_AUTOMATICALLY</origination>
                                        <requiresData>true</requiresData>
                                        <status>ACTIVE</status>
                                        <streamComplexRunThreshold>1</streamComplexRunThreshold>
                                        <streamTimeInterval>Immediately</streamTimeInterval>
                                        <streamTimeIntervalValue>0</streamTimeIntervalValue>
                                        <streamValueType>Tasks</streamValueType>
                                        <title>OCR </title>
                                        <type>SINGLE</type>
                                        <uuid>749a7ae1-9113-4900-9773-87a4a6f5b082</uuid>
                                        <validWorkflow>false</validWorkflow>
                                        <version>
                                            <componentUuid>2139fb81-feea-4af2-b7ad-9843d110bdcf</componentUuid>
                                            <incrementalVersion>1.1</incrementalVersion>
                                            <lastInChain>true</lastInChain>
                                            <lastModified>2019-08-20T17:23:16Z</lastModified>
                                            <versionUuid>945ba2b3-cfd9-446f-8df0-1705da5c6778</versionUuid>
                                        </version>
                                        <workSettingBase>false</workSettingBase>
                                    </campaign>
                                    <deleted>false</deleted>
                                    <skipForSTPCalculation>false</skipForSTPCalculation>
                                    <stepIndex>1</stepIndex>
                                    <stepPosition>START</stepPosition>
                                    <streamed>false</streamed>
                                    <uuid>f62cf1c2-2c0d-4dea-8c04-661e5b5b724b</uuid>
                                </campaignMap>
                                <campaignMap>
                                    <activateTracking>false</activateTracking>
                                    <blockSize>1</blockSize>
                                    <businessRule>
                                        <content>#RuleContext.APPROVE_ALL_RULE</content>
                                        <name>Approve All</name>
                                        <ruleType>WORKFLOW_RULE</ruleType>
                                        <ruleTypeUI>Composite</ruleTypeUI>
                                        <uuid>03e74cb6-1dbb-4ad9-f603-4354baf3d632</uuid>
                                        <workflowRuleMode>SIMPLE</workflowRuleMode>
                                    </businessRule>
                                    <campaign>
                                        <active>false</active>
                                        <businessRules/>
                                        <campaignMaps/>
                                        <campaigns/>
                                        <createNewTrainingSet>false</createNewTrainingSet>
                                        <executingType>MACHINE</executingType>
                                        <goldBucketBlockSize>0</goldBucketBlockSize>
                                        <goldRatio>0</goldRatio>
                                        <goldSource>Empty</goldSource>
                                        <goldType>Percentage</goldType>
                                        <includeOriginalData>false</includeOriginalData>
                                        <machineConfig>
                                            <answers/>
                                            <content>&lt;?xml version="1.0" encoding="UTF-8"?&gt;
&lt;config xmlns="http://web-harvest.sourceforge.net/schema/1.0/config" scriptlang="groovy"&gt;

    &lt;robotics-flow&gt;
        &lt;recorder close-on-completion="true" close-all-windows="false" start-in-private="false" recorder-script-uuid="bc0392e8-8a45-4ecc-8af7-c33cdd1e9790"/&gt;
    &lt;/robotics-flow&gt;

    &lt;export include-original-data="true"&gt;
                &lt;single-column name="str_xlsx_file" value="${str_xlsx_file}"&gt;&lt;/single-column&gt;
                &lt;single-column name="table_header" value="${table_header}"&gt;&lt;/single-column&gt;
                &lt;single-column name="boolean_xlsx_file_exist" value="${boolean_xlsx_file_exist}"&gt;&lt;/single-column&gt;
                &lt;single-column name="city" value="${city}"&gt;&lt;/single-column&gt;
                &lt;single-column name="company_name" value="${company_name}"&gt;&lt;/single-column&gt;
                &lt;single-column name="email" value="${email}"&gt;&lt;/single-column&gt;
                &lt;single-column name="str_xlsx_path" value="${str_xlsx_path}"&gt;&lt;/single-column&gt;
    &lt;/export&gt;

&lt;/config&gt;</content>
                                            <includedConfigs/>
                                            <inclusionCode>69c404c1-1c77-46b2-8b55-cbeed278721a</inclusionCode>
                                            <machineWorkSetting>
                                                <category>
                                                    <automation>false</automation>
                                                    <description></description>
                                                    <enabled>true</enabled>
                                                    <executingType>MACHINE</executingType>
                                                    <name>Other</name>
                                                    <private>false</private>
                                                    <publicId>dd92f240-144b-4fef-8476-4ec0acbc1105</publicId>
                                                </category>
                                                <contentType>BLANK</contentType>
                                                <description></description>
                                                <enabled>true</enabled>
                                                <name>Miscellaneous Tasks</name>
                                                <publicId>26e6e095-00bb-43fa-8c34-af0b18e71ac9</publicId>
                                                <version>
                                                    <componentUuid>26e6e095-00bb-43fa-8c34-af0b18e71ac9</componentUuid>
                                                    <incrementalVersion>1.0</incrementalVersion>
                                                    <lastInChain>true</lastInChain>
                                                    <lastModified>2019-08-07T14:52:48Z</lastModified>
                                                    <versionUuid>26e6e095-00bb-43fa-8c34-af0b18e71ac9</versionUuid>
                                                </version>
                                                <answers/>
                                                <machineWorkSettingType>BASIC</machineWorkSettingType>
                                                <template>
                                                    <content>&lt;?xml version="1.0" encoding="UTF-8"?&gt;
&lt;config charset="UTF-8"&gt;
	&lt;export include-original-data="true"&gt;
	&lt;/export&gt;
&lt;/config&gt;</content>
                                                    <name>Blank</name>
                                                    <origination>CREATED_MANUALLY</origination>
                                                    <status>ACTIVE</status>
                                                    <type>BASE_MACHINE</type>
                                                    <uuid>8f04bd99-7f51-4796-a528-d1a7c9ccfbc4</uuid>
                                                    <version>
                                                        <componentUuid>8f04bd99-7f51-4796-a528-d1a7c9ccfbc4</componentUuid>
                                                        <incrementalVersion>1.0</incrementalVersion>
                                                        <lastInChain>true</lastInChain>
                                                        <lastModified>2012-12-27T00:00:00Z</lastModified>
                                                        <versionUuid>8f04bd99-7f51-4796-a528-d1a7c9ccfbc4</versionUuid>
                                                    </version>
                                                </template>
                                            </machineWorkSetting>
                                            <machineWorkSettingType>RECORDER</machineWorkSettingType>
                                            <name>saveExcel_xlsx</name>
                                            <machineConfigOptions/>
                                            <sourceType>MANUAL</sourceType>
                                            <template>
                                                <content>&lt;?xml version="1.0" encoding="UTF-8"?&gt;
&lt;config charset="UTF-8"&gt;
	&lt;export include-original-data="true"&gt;
	&lt;/export&gt;
&lt;/config&gt;</content>
                                                <name>Blank</name>
                                                <origination>CREATED_MANUALLY</origination>
                                                <status>ACTIVE</status>
                                                <type>BASE_MACHINE</type>
                                                <uuid>8f04bd99-7f51-4796-a528-d1a7c9ccfbc4</uuid>
                                                <version>
                                                    <componentUuid>8f04bd99-7f51-4796-a528-d1a7c9ccfbc4</componentUuid>
                                                    <incrementalVersion>1.0</incrementalVersion>
                                                    <lastInChain>true</lastInChain>
                                                    <lastModified>2012-12-27T00:00:00Z</lastModified>
                                                    <versionUuid>8f04bd99-7f51-4796-a528-d1a7c9ccfbc4</versionUuid>
                                                </version>
                                            </template>
                                            <uuid>d3d34fb4-5959-4d65-8134-965a86bd92a4</uuid>
                                            <version>
                                                <componentUuid>aa7df2f2-9785-4f64-93b0-20fc73d7b914</componentUuid>
                                                <incrementalVersion>1.0</incrementalVersion>
                                                <lastInChain>true</lastInChain>
                                                <lastModified>2019-08-20T14:23:59Z</lastModified>
                                                <versionUuid>2bdb44bd-d41e-44c5-b4c1-72ef8aed79b7</versionUuid>
                                            </version>
                                        </machineConfig>
                                        <moderation>false</moderation>
                                        <origination>CREATED_AUTOMATICALLY</origination>
                                        <requiresData>true</requiresData>
                                        <status>ACTIVE</status>
                                        <streamComplexRunThreshold>1</streamComplexRunThreshold>
                                        <streamTimeInterval>Immediately</streamTimeInterval>
                                        <streamTimeIntervalValue>0</streamTimeIntervalValue>
                                        <streamValueType>Tasks</streamValueType>
                                        <title>saveExcel_xlsx</title>
                                        <type>SINGLE</type>
                                        <uuid>d90c2e23-7d26-4201-b2a5-6f141469a71f</uuid>
                                        <validWorkflow>false</validWorkflow>
                                        <version>
                                            <componentUuid>9ac516a2-4375-4605-8f30-f2be2edc8d13</componentUuid>
                                            <incrementalVersion>1.0</incrementalVersion>
                                            <lastInChain>true</lastInChain>
                                            <lastModified>2019-08-20T14:23:59Z</lastModified>
                                            <versionUuid>d941bedd-b574-4e38-b665-e615abbb3270</versionUuid>
                                        </version>
                                        <workSettingBase>false</workSettingBase>
                                    </campaign>
                                    <deleted>false</deleted>
                                    <skipForSTPCalculation>false</skipForSTPCalculation>
                                    <stepIndex>2</stepIndex>
                                    <stepPosition>INTERMEDIATE</stepPosition>
                                    <streamed>false</streamed>
                                    <uuid>5cdacb2e-9735-404b-906e-910efa45b67a</uuid>
                                </campaignMap>
                                <campaignMap>
                                    <activateTracking>false</activateTracking>
                                    <blockSize>1</blockSize>
                                    <businessRule>
                                        <content>#RuleContext.APPROVE_ALL_RULE</content>
                                        <name>Approve All</name>
                                        <ruleType>WORKFLOW_RULE</ruleType>
                                        <ruleTypeUI>Composite</ruleTypeUI>
                                        <uuid>61528f9d-1d75-4541-d9ea-2b37bf4660c0</uuid>
                                        <workflowRuleMode>SIMPLE</workflowRuleMode>
                                    </businessRule>
                                    <campaign>
                                        <active>false</active>
                                        <businessRules/>
                                        <campaignMaps/>
                                        <campaigns/>
                                        <createNewTrainingSet>false</createNewTrainingSet>
                                        <executingType>MACHINE</executingType>
                                        <goldBucketBlockSize>0</goldBucketBlockSize>
                                        <goldRatio>0</goldRatio>
                                        <goldSource>Empty</goldSource>
                                        <goldType>Percentage</goldType>
                                        <includeOriginalData>false</includeOriginalData>
                                        <machineConfig>
                                            <answers/>
                                            <content>&lt;?xml version="1.0" encoding="UTF-8"?&gt;
&lt;config xmlns="http://web-harvest.sourceforge.net/schema/1.0/config" scriptlang="groovy"&gt;

    &lt;robotics-flow&gt;
        &lt;recorder close-on-completion="true" close-all-windows="false" start-in-private="false" recorder-script-uuid="4e0b8701-568d-4256-ae9b-c3b1f285539f"/&gt;
    &lt;/robotics-flow&gt;

    &lt;export include-original-data="true"&gt;
                &lt;single-column name="citytime" value="${citytime}"&gt;&lt;/single-column&gt;
                &lt;single-column name="city" value="${city}"&gt;&lt;/single-column&gt;
                &lt;single-column name="mru_time" value="${mru_time}"&gt;&lt;/single-column&gt;
    &lt;/export&gt;

&lt;/config&gt;</content>
                                            <includedConfigs/>
                                            <inclusionCode>bdc6ea59-99e2-403e-9434-2c9ca6c3167d</inclusionCode>
                                            <machineWorkSetting>
                                                <category>
                                                    <automation>false</automation>
                                                    <description></description>
                                                    <enabled>true</enabled>
                                                    <executingType>MACHINE</executingType>
                                                    <name>Other</name>
                                                    <private>false</private>
                                                    <publicId>dd92f240-144b-4fef-8476-4ec0acbc1105</publicId>
                                                </category>
                                                <contentType>BLANK</contentType>
                                                <description></description>
                                                <enabled>true</enabled>
                                                <name>Miscellaneous Tasks</name>
                                                <publicId>26e6e095-00bb-43fa-8c34-af0b18e71ac9</publicId>
                                                <version>
                                                    <componentUuid>26e6e095-00bb-43fa-8c34-af0b18e71ac9</componentUuid>
                                                    <incrementalVersion>1.0</incrementalVersion>
                                                    <lastInChain>true</lastInChain>
                                                    <lastModified>2019-08-07T14:52:48Z</lastModified>
                                                    <versionUuid>26e6e095-00bb-43fa-8c34-af0b18e71ac9</versionUuid>
                                                </version>
                                                <answers/>
                                                <machineWorkSettingType>BASIC</machineWorkSettingType>
                                                <template>
                                                    <content>&lt;?xml version="1.0" encoding="UTF-8"?&gt;
&lt;config charset="UTF-8"&gt;
	&lt;export include-original-data="true"&gt;
	&lt;/export&gt;
&lt;/config&gt;</content>
                                                    <name>Blank</name>
                                                    <origination>CREATED_MANUALLY</origination>
                                                    <status>ACTIVE</status>
                                                    <type>BASE_MACHINE</type>
                                                    <uuid>8f04bd99-7f51-4796-a528-d1a7c9ccfbc4</uuid>
                                                    <version>
                                                        <componentUuid>8f04bd99-7f51-4796-a528-d1a7c9ccfbc4</componentUuid>
                                                        <incrementalVersion>1.0</incrementalVersion>
                                                        <lastInChain>true</lastInChain>
                                                        <lastModified>2012-12-27T00:00:00Z</lastModified>
                                                        <versionUuid>8f04bd99-7f51-4796-a528-d1a7c9ccfbc4</versionUuid>
                                                    </version>
                                                </template>
                                            </machineWorkSetting>
                                            <machineWorkSettingType>RECORDER</machineWorkSettingType>
                                            <name>getTime</name>
                                            <machineConfigOptions/>
                                            <sourceType>MANUAL</sourceType>
                                            <template>
                                                <content>&lt;?xml version="1.0" encoding="UTF-8"?&gt;
&lt;config charset="UTF-8"&gt;
	&lt;export include-original-data="true"&gt;
	&lt;/export&gt;
&lt;/config&gt;</content>
                                                <name>Blank</name>
                                                <origination>CREATED_MANUALLY</origination>
                                                <status>ACTIVE</status>
                                                <type>BASE_MACHINE</type>
                                                <uuid>8f04bd99-7f51-4796-a528-d1a7c9ccfbc4</uuid>
                                                <version>
                                                    <componentUuid>8f04bd99-7f51-4796-a528-d1a7c9ccfbc4</componentUuid>
                                                    <incrementalVersion>1.0</incrementalVersion>
                                                    <lastInChain>true</lastInChain>
                                                    <lastModified>2012-12-27T00:00:00Z</lastModified>
                                                    <versionUuid>8f04bd99-7f51-4796-a528-d1a7c9ccfbc4</versionUuid>
                                                </version>
                                            </template>
                                            <uuid>7c4f3358-dc75-460b-add6-0a8a0b6d5033</uuid>
                                            <version>
                                                <componentUuid>1044b1ef-39dd-4f37-8121-5fd82698f144</componentUuid>
                                                <incrementalVersion>1.0</incrementalVersion>
                                                <lastInChain>true</lastInChain>
                                                <lastModified>2019-08-19T11:22:58Z</lastModified>
                                                <versionUuid>297286a2-2bfe-4528-8c5d-0e176f0a0997</versionUuid>
                                            </version>
                                        </machineConfig>
                                        <moderation>false</moderation>
                                        <origination>CREATED_AUTOMATICALLY</origination>
                                        <requiresData>true</requiresData>
                                        <status>ACTIVE</status>
                                        <streamComplexRunThreshold>1</streamComplexRunThreshold>
                                        <streamTimeInterval>Immediately</streamTimeInterval>
                                        <streamTimeIntervalValue>0</streamTimeIntervalValue>
                                        <streamValueType>Tasks</streamValueType>
                                        <title>getTime</title>
                                        <type>SINGLE</type>
                                        <uuid>c4896d9b-7171-4c3b-ad55-4fb420fe8719</uuid>
                                        <validWorkflow>false</validWorkflow>
                                        <version>
                                            <componentUuid>ae0b1fa5-a975-422b-ae49-fae46ba43892</componentUuid>
                                            <incrementalVersion>1.0</incrementalVersion>
                                            <lastInChain>true</lastInChain>
                                            <lastModified>2019-08-19T11:22:58Z</lastModified>
                                            <versionUuid>f54b02d5-bfea-4131-b73a-46d027725e54</versionUuid>
                                        </version>
                                        <workSettingBase>false</workSettingBase>
                                    </campaign>
                                    <deleted>false</deleted>
                                    <skipForSTPCalculation>false</skipForSTPCalculation>
                                    <stepIndex>3</stepIndex>
                                    <stepPosition>INTERMEDIATE</stepPosition>
                                    <streamed>false</streamed>
                                    <uuid>6e70208b-d567-4f35-b134-27a9c4976da7</uuid>
                                </campaignMap>
                                <campaignMap>
                                    <activateTracking>false</activateTracking>
                                    <blockSize>1</blockSize>
                                    <businessRule>
                                        <content>#RuleContext.APPROVE_ALL_RULE</content>
                                        <name>Approve All</name>
                                        <ruleType>WORKFLOW_RULE</ruleType>
                                        <ruleTypeUI>Composite</ruleTypeUI>
                                        <uuid>978fc4bf-27d6-40de-facd-d7db9284a46e</uuid>
                                        <workflowRuleMode>SIMPLE</workflowRuleMode>
                                    </businessRule>
                                    <campaign>
                                        <active>false</active>
                                        <businessRules/>
                                        <campaignMaps/>
                                        <campaigns/>
                                        <createNewTrainingSet>false</createNewTrainingSet>
                                        <executingType>MACHINE</executingType>
                                        <goldBucketBlockSize>0</goldBucketBlockSize>
                                        <goldRatio>0</goldRatio>
                                        <goldSource>Empty</goldSource>
                                        <goldType>Percentage</goldType>
                                        <includeOriginalData>false</includeOriginalData>
                                        <machineConfig>
                                            <answers/>
                                            <content>&lt;?xml version="1.0" encoding="UTF-8"?&gt;
&lt;config xmlns="http://web-harvest.sourceforge.net/schema/1.0/config" scriptlang="groovy"&gt;

    &lt;robotics-flow&gt;
        &lt;recorder close-on-completion="true" close-all-windows="false" start-in-private="false" recorder-script-uuid="0300ceb8-7315-40fe-9179-091729de3cb9"/&gt;
    &lt;/robotics-flow&gt;

    &lt;export include-original-data="true"&gt;
                &lt;single-column name="subject" value="${subject}"&gt;&lt;/single-column&gt;
                &lt;single-column name="citytime" value="${citytime}"&gt;&lt;/single-column&gt;
                &lt;single-column name="mru_time" value="${mru_time}"&gt;&lt;/single-column&gt;
                &lt;single-column name="email" value="${email}"&gt;&lt;/single-column&gt;
    &lt;/export&gt;

&lt;/config&gt;</content>
                                            <includedConfigs/>
                                            <inclusionCode>e121f8e7-1451-4cf7-bdda-ed7c5e5a1d96</inclusionCode>
                                            <machineWorkSetting>
                                                <category>
                                                    <automation>false</automation>
                                                    <description></description>
                                                    <enabled>true</enabled>
                                                    <executingType>MACHINE</executingType>
                                                    <name>Other</name>
                                                    <private>false</private>
                                                    <publicId>dd92f240-144b-4fef-8476-4ec0acbc1105</publicId>
                                                </category>
                                                <contentType>BLANK</contentType>
                                                <description></description>
                                                <enabled>true</enabled>
                                                <name>Miscellaneous Tasks</name>
                                                <publicId>26e6e095-00bb-43fa-8c34-af0b18e71ac9</publicId>
                                                <version>
                                                    <componentUuid>26e6e095-00bb-43fa-8c34-af0b18e71ac9</componentUuid>
                                                    <incrementalVersion>1.0</incrementalVersion>
                                                    <lastInChain>true</lastInChain>
                                                    <lastModified>2019-08-07T14:52:48Z</lastModified>
                                                    <versionUuid>26e6e095-00bb-43fa-8c34-af0b18e71ac9</versionUuid>
                                                </version>
                                                <answers/>
                                                <machineWorkSettingType>BASIC</machineWorkSettingType>
                                                <template>
                                                    <content>&lt;?xml version="1.0" encoding="UTF-8"?&gt;
&lt;config charset="UTF-8"&gt;
	&lt;export include-original-data="true"&gt;
	&lt;/export&gt;
&lt;/config&gt;</content>
                                                    <name>Blank</name>
                                                    <origination>CREATED_MANUALLY</origination>
                                                    <status>ACTIVE</status>
                                                    <type>BASE_MACHINE</type>
                                                    <uuid>8f04bd99-7f51-4796-a528-d1a7c9ccfbc4</uuid>
                                                    <version>
                                                        <componentUuid>8f04bd99-7f51-4796-a528-d1a7c9ccfbc4</componentUuid>
                                                        <incrementalVersion>1.0</incrementalVersion>
                                                        <lastInChain>true</lastInChain>
                                                        <lastModified>2012-12-27T00:00:00Z</lastModified>
                                                        <versionUuid>8f04bd99-7f51-4796-a528-d1a7c9ccfbc4</versionUuid>
                                                    </version>
                                                </template>
                                            </machineWorkSetting>
                                            <machineWorkSettingType>RECORDER</machineWorkSettingType>
                                            <name>send_Mail</name>
                                            <machineConfigOptions/>
                                            <sourceType>MANUAL</sourceType>
                                            <template>
                                                <content>&lt;?xml version="1.0" encoding="UTF-8"?&gt;
&lt;config charset="UTF-8"&gt;
	&lt;export include-original-data="true"&gt;
	&lt;/export&gt;
&lt;/config&gt;</content>
                                                <name>Blank</name>
                                                <origination>CREATED_MANUALLY</origination>
                                                <status>ACTIVE</status>
                                                <type>BASE_MACHINE</type>
                                                <uuid>8f04bd99-7f51-4796-a528-d1a7c9ccfbc4</uuid>
                                                <version>
                                                    <componentUuid>8f04bd99-7f51-4796-a528-d1a7c9ccfbc4</componentUuid>
                                                    <incrementalVersion>1.0</incrementalVersion>
                                                    <lastInChain>true</lastInChain>
                                                    <lastModified>2012-12-27T00:00:00Z</lastModified>
                                                    <versionUuid>8f04bd99-7f51-4796-a528-d1a7c9ccfbc4</versionUuid>
                                                </version>
                                            </template>
                                            <uuid>28a39f42-8296-4941-9682-6b039c2999e4</uuid>
                                            <version>
                                                <componentUuid>df31c312-1222-414c-9721-430e19a7c7b4</componentUuid>
                                                <incrementalVersion>1.0</incrementalVersion>
                                                <lastInChain>true</lastInChain>
                                                <lastModified>2019-08-19T12:20:50Z</lastModified>
                                                <versionUuid>1f84c95b-91e1-4b1b-bf38-95f4eb5aa0ce</versionUuid>
                                            </version>
                                        </machineConfig>
                                        <moderation>false</moderation>
                                        <origination>CREATED_AUTOMATICALLY</origination>
                                        <requiresData>true</requiresData>
                                        <status>ACTIVE</status>
                                        <streamComplexRunThreshold>1</streamComplexRunThreshold>
                                        <streamTimeInterval>Immediately</streamTimeInterval>
                                        <streamTimeIntervalValue>0</streamTimeIntervalValue>
                                        <streamValueType>Tasks</streamValueType>
                                        <title>send_Mail</title>
                                        <type>SINGLE</type>
                                        <uuid>c4f82b5c-1fb7-44ea-b77b-f9ba36ccd7e3</uuid>
                                        <validWorkflow>false</validWorkflow>
                                        <version>
                                            <componentUuid>80136046-d38a-4e07-a7b3-b2d95c0608d7</componentUuid>
                                            <incrementalVersion>1.0</incrementalVersion>
                                            <lastInChain>true</lastInChain>
                                            <lastModified>2019-08-19T12:20:50Z</lastModified>
                                            <versionUuid>edb2baa7-1c85-4753-9f66-b836e88320b1</versionUuid>
                                        </version>
                                        <workSettingBase>false</workSettingBase>
                                    </campaign>
                                    <deleted>false</deleted>
                                    <skipForSTPCalculation>false</skipForSTPCalculation>
                                    <stepIndex>4</stepIndex>
                                    <stepPosition>INTERMEDIATE</stepPosition>
                                    <streamed>false</streamed>
                                    <uuid>4a3afeb1-08e1-4e8d-9abf-acb895aa98c1</uuid>
                                </campaignMap>
                                <campaignMap>
                                    <activateTracking>false</activateTracking>
                                    <businessRule>
                                        <content>package com.freedomoss.requester;

#list any import classes here.
import com.freedomoss.objective.model.CompositeRuleContext;
import com.freedomoss.objective.model.CompositeRuleDataItemContext;
import com.freedomoss.requester.model.AwsHitQuestionItem;
import com.freedomoss.requester.model.AwsHitQuestionAnswerItem;
import org.slf4j.Logger;
import java.util.Map;
import java.util.Iterator;
import java.util.List;
import java.util.Set;
import java.util.ArrayList;
import com.freedomoss.requester.dto.SubmissionResultDTO;

#declare any global variables here
global CompositeRuleContext source
global Logger log
global Map params



rule "Rule context initialization"
auto-focus true
no-loop
dialect "mvel"
agenda-group "initialization-group"
	when
		$ctx:CompositeRuleContext(initialized == false);
	then
		$ctx.updateWorkingMemory();
		# move to business rules
		$ctx.logExecutedRule(kcontext.getRule().getName());
		kcontext.getKnowledgeRuntime().getAgenda().getAgendaGroup("calculation").setFocus();
end</content>
                                        <name>Business Process: End Rule</name>
                                        <ruleType>WORKFLOW_RULE</ruleType>
                                        <uuid>20b6191c-1d50-489c-b053-1b3895fbeb5g</uuid>
                                        <workflowRuleMode>ADVANCED</workflowRuleMode>
                                    </businessRule>
                                    <campaign>
                                        <active>false</active>
                                        <businessRules/>
                                        <campaignMaps/>
                                        <campaigns/>
                                        <createNewTrainingSet>false</createNewTrainingSet>
                                        <executingType>MACHINE</executingType>
                                        <goldBucketBlockSize>0</goldBucketBlockSize>
                                        <goldRatio>0</goldRatio>
                                        <goldSource>Empty</goldSource>
                                        <goldType>Percentage</goldType>
                                        <includeOriginalData>false</includeOriginalData>
                                        <machineConfig>
                                            <answers/>
                                            <content>&lt;?xml version="1.0" encoding="UTF-8"?&gt;
&lt;config charset="UTF-8"&gt;

    &lt;var-def name="exportType"&gt;
        &lt;case&gt;
            &lt;if condition='${sys.isVariableDefined("_sys_export_type")}'&gt;
                &lt;template&gt;${_sys_export_type}&lt;/template&gt;
            &lt;/if&gt;
        &lt;/case&gt;
    &lt;/var-def&gt;

    &lt;var-def name="exportColumns"&gt;
        &lt;case&gt;
            &lt;if condition='${sys.isVariableDefined("_sys_export_columns")}'&gt;
                &lt;template&gt;${_sys_export_columns}&lt;/template&gt;
            &lt;/if&gt;
            &lt;else&gt;&lt;/else&gt;
        &lt;/case&gt;
    &lt;/var-def&gt;

    &lt;var-def name="columnNameCase"&gt;
        &lt;case&gt;
            &lt;if condition='${sys.isVariableDefined("_sys_column_name_case")}'&gt;
                &lt;template&gt;${_sys_column_name_case}&lt;/template&gt;
            &lt;/if&gt;
            &lt;else&gt;keep&lt;/else&gt;
        &lt;/case&gt;
    &lt;/var-def&gt;

    &lt;var-def name="dataOnly"&gt;
        &lt;case&gt;
            &lt;if condition='${sys.isVariableDefined("_sys_data_only")}'&gt;
                &lt;template&gt;${_sys_data_only}&lt;/template&gt;
            &lt;/if&gt;
            &lt;else&gt;true&lt;/else&gt;
        &lt;/case&gt;
    &lt;/var-def&gt;

    &lt;var-def name="datastoreName"&gt;
        &lt;script return="item.getWrappedObject().getRun().getDatastoreName()" /&gt;
    &lt;/var-def&gt;
    &lt;case&gt;
        &lt;if condition="${!datastoreName.isEmpty()}"&gt;
            &lt;insert-datastore   datastore-name="${datastoreName}" create="true"&gt;
                &lt;script return="hit_submission_data_item.getWrappedObject().getItemValueMap()"/&gt;
            &lt;/insert-datastore&gt;
        &lt;/if&gt;
    &lt;/case&gt;

    &lt;export include-original-data="true"
            export-type="${exportType}"
            export-columns="${exportColumns}"
            column-name-case="${columnNameCase}"
            data-only="${dataOnly}"&gt;
    &lt;/export&gt;
&lt;/config&gt;</content>
                                            <description>Default machine campaign for end step.</description>
                                            <includedConfigs/>
                                            <inclusionCode>9e5000e3-c243-42d3-b5ad-c6ac90dec35e</inclusionCode>
                                            <machineWorkSetting>
                                                <category>
                                                    <automation>false</automation>
                                                    <description></description>
                                                    <enabled>true</enabled>
                                                    <executingType>MACHINE</executingType>
                                                    <name>Other</name>
                                                    <private>false</private>
                                                    <publicId>dd92f240-144b-4fef-8476-4ec0acbc1105</publicId>
                                                </category>
                                                <contentType>BLANK</contentType>
                                                <description></description>
                                                <enabled>true</enabled>
                                                <name>Miscellaneous Tasks</name>
                                                <publicId>26e6e095-00bb-43fa-8c34-af0b18e71ac9</publicId>
                                                <version>
                                                    <componentUuid>26e6e095-00bb-43fa-8c34-af0b18e71ac9</componentUuid>
                                                    <incrementalVersion>1.0</incrementalVersion>
                                                    <lastInChain>true</lastInChain>
                                                    <lastModified>2019-08-07T14:52:48Z</lastModified>
                                                    <versionUuid>26e6e095-00bb-43fa-8c34-af0b18e71ac9</versionUuid>
                                                </version>
                                                <answers/>
                                                <machineWorkSettingType>BASIC</machineWorkSettingType>
                                                <template>
                                                    <content>&lt;?xml version="1.0" encoding="UTF-8"?&gt;
&lt;config charset="UTF-8"&gt;
	&lt;export include-original-data="true"&gt;
	&lt;/export&gt;
&lt;/config&gt;</content>
                                                    <name>Blank</name>
                                                    <origination>CREATED_MANUALLY</origination>
                                                    <status>ACTIVE</status>
                                                    <type>BASE_MACHINE</type>
                                                    <uuid>8f04bd99-7f51-4796-a528-d1a7c9ccfbc4</uuid>
                                                    <version>
                                                        <componentUuid>8f04bd99-7f51-4796-a528-d1a7c9ccfbc4</componentUuid>
                                                        <incrementalVersion>1.0</incrementalVersion>
                                                        <lastInChain>true</lastInChain>
                                                        <lastModified>2012-12-27T00:00:00Z</lastModified>
                                                        <versionUuid>8f04bd99-7f51-4796-a528-d1a7c9ccfbc4</versionUuid>
                                                    </version>
                                                </template>
                                            </machineWorkSetting>
                                            <name>Final Results</name>
                                            <machineConfigOptions/>
                                            <sourceType>MANUAL</sourceType>
                                            <template>
                                                <content>&lt;?xml version="1.0" encoding="UTF-8"?&gt;
&lt;config charset="UTF-8"&gt;
	&lt;export include-original-data="true"&gt;
	&lt;/export&gt;
&lt;/config&gt;</content>
                                                <name>Blank</name>
                                                <origination>CREATED_MANUALLY</origination>
                                                <status>ACTIVE</status>
                                                <type>BASE_MACHINE</type>
                                                <uuid>8f04bd99-7f51-4796-a528-d1a7c9ccfbc4</uuid>
                                                <version>
                                                    <componentUuid>8f04bd99-7f51-4796-a528-d1a7c9ccfbc4</componentUuid>
                                                    <incrementalVersion>1.0</incrementalVersion>
                                                    <lastInChain>true</lastInChain>
                                                    <lastModified>2012-12-27T00:00:00Z</lastModified>
                                                    <versionUuid>8f04bd99-7f51-4796-a528-d1a7c9ccfbc4</versionUuid>
                                                </version>
                                            </template>
                                            <uuid>9e5000e3-c243-42d3-b5ad-c6ac90dec35e</uuid>
                                            <version>
                                                <componentUuid>9e5000e3-c243-42d3-b5ad-c6ac90dec35e</componentUuid>
                                                <incrementalVersion>1.0</incrementalVersion>
                                                <lastInChain>true</lastInChain>
                                                <lastModified>2019-08-07T14:52:56Z</lastModified>
                                                <versionUuid>12001301-b923-11e9-8ad9-0ae8ba3240ae</versionUuid>
                                            </version>
                                        </machineConfig>
                                        <moderation>false</moderation>
                                        <origination>CREATED_AUTOMATICALLY</origination>
                                        <requiresData>true</requiresData>
                                        <status>ACTIVE</status>
                                        <streamComplexRunThreshold>100</streamComplexRunThreshold>
                                        <streamTimeInterval>Immediately</streamTimeInterval>
                                        <streamTimeIntervalValue>0</streamTimeIntervalValue>
                                        <streamValueType>Percents</streamValueType>
                                        <title>Final Results</title>
                                        <type>SINGLE</type>
                                        <uuid>af4c8905-26dd-4120-b208-39ad3530ffc6</uuid>
                                        <validWorkflow>false</validWorkflow>
                                        <version>
                                            <componentUuid>11761aaf-b923-11e9-8ad9-0ae8ba3240ae</componentUuid>
                                            <incrementalVersion>1.0</incrementalVersion>
                                            <lastInChain>true</lastInChain>
                                            <lastModified>2019-08-07T14:52:56Z</lastModified>
                                            <versionUuid>12002c71-b923-11e9-8ad9-0ae8ba3240ae</versionUuid>
                                        </version>
                                        <workSettingBase>false</workSettingBase>
                                    </campaign>
                                    <deleted>false</deleted>
                                    <skipForSTPCalculation>false</skipForSTPCalculation>
                                    <stepIndex>5</stepIndex>
                                    <stepPosition>END</stepPosition>
                                    <streamed>false</streamed>
                                    <uuid>5cfeb70c-4c1e-4e9b-fe6c-163117d95eef</uuid>
                                </campaignMap>
                            </campaignMaps>
                            <campaigns/>
                            <compositeCampaignVersion>NEW_WORKFLOW</compositeCampaignVersion>
                            <compositeStructureXml>&lt;mxGraphModel&gt;&lt;root&gt;&lt;mxCell id="0"/&gt;&lt;mxCell id="1" parent="0"/&gt;&lt;Start id="2" name="Start" type="start"&gt;&lt;mxCell parent="1" style="start" vertex="1"&gt;&lt;mxGeometry as="geometry" height="32.0" width="32.0" x="40.0" y="300.0"/&gt;&lt;/mxCell&gt;&lt;/Start&gt;&lt;Rule id="4" name="Decision Rule" ruleUUID="36ac8b56-0fc8-4f96-9617-00c13f0f6d5d" type="rule"&gt;&lt;mxCell parent="1" style="rule" vertex="1"&gt;&lt;mxGeometry as="geometry" height="32.0" width="40.0" x="310.0" y="300.0"/&gt;&lt;/mxCell&gt;&lt;/Rule&gt;&lt;End campaignMapUUID="5cfeb70c-4c1e-4e9b-fe6c-163117d95eef" id="8" name="End" type="end"&gt;&lt;mxCell parent="1" style="end" vertex="1"&gt;&lt;mxGeometry as="geometry" height="32.0" width="32.0" x="810.0" y="300.0"/&gt;&lt;/mxCell&gt;&lt;/End&gt;&lt;MachineTask campaignMapUUID="f62cf1c2-2c0d-4dea-8c04-661e5b5b724b" id="17" label="OCR " name="OCR " originalLabel="OCR " taskUUID="749a7ae1-9113-4900-9773-87a4a6f5b082" type="machine_task"&gt;&lt;mxCell parent="1" style="machine_task" vertex="1"&gt;&lt;mxGeometry as="geometry" height="60.0" width="160.0" x="109.80001831054688" y="285.99999237060547"/&gt;&lt;/mxCell&gt;&lt;/MachineTask&gt;&lt;Link id="18" name="" type="link"&gt;&lt;mxCell edge="1" parent="1" source="17" style="link" target="4"&gt;&lt;mxGeometry as="geometry" relative="1" x="0.5" y="10.0"/&gt;&lt;/mxCell&gt;&lt;/Link&gt;&lt;Link id="19" name="" type="link"&gt;&lt;mxCell edge="1" parent="1" source="2" style="link" target="17"&gt;&lt;mxGeometry as="geometry" relative="1" x="0.5" y="10.0"/&gt;&lt;/mxCell&gt;&lt;/Link&gt;&lt;MachineTask campaignMapUUID="6e70208b-d567-4f35-b134-27a9c4976da7" id="22" name="getTime" taskUUID="c4896d9b-7171-4c3b-ad55-4fb420fe8719" type="machine_task"&gt;&lt;mxCell parent="1" style="machine_task" vertex="1"&gt;&lt;mxGeometry as="geometry" height="60.0" width="160.0" x="399.6000061035156" y="170.1999969482422"/&gt;&lt;/mxCell&gt;&lt;/MachineTask&gt;&lt;Link id="27" name="" outcome="ApproveAll" outcomeId="ApproveAll" ruleUUID="61528f9d-1d75-4541-d9ea-2b37bf4660c0" type="link"&gt;&lt;mxCell edge="1" parent="1" source="22" style="link" target="30"&gt;&lt;mxGeometry as="geometry" relative="1" x="0.5" y="10.0"&gt;&lt;mxPoint as="targetPoint" x="610.3999938964844" y="190.0"/&gt;&lt;Array as="points"/&gt;&lt;/mxGeometry&gt;&lt;/mxCell&gt;&lt;/Link&gt;&lt;MachineTask campaignMapUUID="4a3afeb1-08e1-4e8d-9abf-acb895aa98c1" id="30" name="send_Mail" taskUUID="c4f82b5c-1fb7-44ea-b77b-f9ba36ccd7e3" type="machine_task"&gt;&lt;mxCell parent="1" style="machine_task" vertex="1"&gt;&lt;mxGeometry as="geometry" height="60.0" width="160.0" x="620.0" y="170.0"/&gt;&lt;/mxCell&gt;&lt;/MachineTask&gt;&lt;Link id="31" name="" outcome="ApproveAll" outcomeId="ApproveAll" ruleUUID="978fc4bf-27d6-40de-facd-d7db9284a46e" type="link"&gt;&lt;mxCell edge="1" parent="1" source="30" style="link" target="8"&gt;&lt;mxGeometry as="geometry" relative="1" x="0.5" y="10.0"/&gt;&lt;/mxCell&gt;&lt;/Link&gt;&lt;Link conditional="true" id="36" label="Plotmaps" name="" outcomeId="Plotmaps" ruleUUID="36ac8b56-0fc8-4f96-9617-00c13f0f6d5d" type="link"&gt;&lt;mxCell edge="1" parent="1" source="4" style="link" target="44"&gt;&lt;mxGeometry as="geometry" relative="1" x="0.5" y="10.0"&gt;&lt;mxPoint as="targetPoint" x="480.0" y="420.00001525878906"/&gt;&lt;Array as="points"&gt;&lt;mxPoint x="330.0" y="410.0"/&gt;&lt;mxPoint x="480.0" y="410.0"/&gt;&lt;/Array&gt;&lt;/mxGeometry&gt;&lt;/mxCell&gt;&lt;/Link&gt;&lt;MachineTask campaignMapUUID="5cdacb2e-9735-404b-906e-910efa45b67a" id="44" name="saveExcel_xlsx" taskUUID="d90c2e23-7d26-4201-b2a5-6f141469a71f" type="machine_task"&gt;&lt;mxCell parent="1" style="machine_task" vertex="1"&gt;&lt;mxGeometry as="geometry" height="60.0" width="160.0" x="400.0" y="380.0"/&gt;&lt;/mxCell&gt;&lt;/MachineTask&gt;&lt;Link id="45" name="" outcome="ApproveAll" outcomeId="ApproveAll" ruleUUID="03e74cb6-1dbb-4ad9-f603-4354baf3d632" type="link"&gt;&lt;mxCell edge="1" parent="1" source="44" style="link" target="8"&gt;&lt;mxGeometry as="geometry" relative="1" x="0.5" y="10.0"/&gt;&lt;/mxCell&gt;&lt;/Link&gt;&lt;Link conditional="true" id="46" label="Workfusion" name="" outcomeId="Workfusion" ruleUUID="36ac8b56-0fc8-4f96-9617-00c13f0f6d5d" type="link"&gt;&lt;mxCell edge="1" parent="1" source="4" style="link" target="22"&gt;&lt;mxGeometry as="geometry"&gt;&lt;mxPoint as="targetPoint" x="430.0" y="301.0"/&gt;&lt;Array as="points"&gt;&lt;mxPoint x="330.0" y="200.0"/&gt;&lt;/Array&gt;&lt;/mxGeometry&gt;&lt;/mxCell&gt;&lt;/Link&gt;&lt;/root&gt;&lt;/mxGraphModel&gt;</compositeStructureXml>
                            <compositeWorkSetting>
                                <category>
                                    <automation>false</automation>
                                    <description></description>
                                    <enabled>true</enabled>
                                    <executingType>HUMAN</executingType>
                                    <name>Other</name>
                                    <private>false</private>
                                    <publicId>dd92f240-144b-4fef-8476-4ec0acbc1104</publicId>
                                </category>
                                <contentType>BLANK</contentType>
                                <description></description>
                                <enabled>true</enabled>
                                <name>Miscellaneous Tasks</name>
                                <publicId>26e6e095-00bb-43fa-8c34-af0b18e71a66</publicId>
                                <version>
                                    <componentUuid>26e6e095-00bb-43fa-8c34-af0b18e71a66</componentUuid>
                                    <incrementalVersion>1.0</incrementalVersion>
                                    <lastInChain>true</lastInChain>
                                    <lastModified>2019-08-07T14:52:49Z</lastModified>
                                    <versionUuid>26e6e095-00bb-43fa-8c34-af0b18e71a66</versionUuid>
                                </version>
                                <automationQualityThreshold>80</automationQualityThreshold>
                            </compositeWorkSetting>
                            <createNewTrainingSet>false</createNewTrainingSet>
                            <description>Business Process description</description>
                            <executingType>COMPOSITE</executingType>
                            <goldBucketBlockSize>0</goldBucketBlockSize>
                            <goldRatio>0</goldRatio>
                            <goldSource>Empty</goldSource>
                            <goldType>Percentage</goldType>
                            <includeOriginalData>false</includeOriginalData>
                            <moderation>false</moderation>
                            <origination>CREATED_AUTOMATICALLY</origination>
                            <requiresData>true</requiresData>
                            <status>ACTIVE</status>
                            <streamComplexRunThreshold>1</streamComplexRunThreshold>
                            <streamTimeInterval>Immediately</streamTimeInterval>
                            <streamTimeIntervalValue>0</streamTimeIntervalValue>
                            <streamValueType>Tasks</streamValueType>
                            <title>Business Process 08/19/2019 04:49:26</title>
                            <type>COMPOSITE</type>
                            <uuid>4d660259-0924-4b57-bdc8-c684f7ebfd69</uuid>
                            <validWorkflow>true</validWorkflow>
                            <version>
                                <componentUuid>c7f42b49-2dae-4d6f-a4f9-7dc872da49c8</componentUuid>
                                <incrementalVersion>1.166</incrementalVersion>
                                <lastInChain>true</lastInChain>
                                <lastModified>2019-08-20T17:06:41Z</lastModified>
                                <versionUuid>8a6f50d2-f60d-4537-990f-c476635eab45</versionUuid>
                            </version>
                            <workSettingBase>false</workSettingBase>
                        </campaign>
                        <description>
                            <automationType>NONE</automationType>
                            <dynamicTaskRenderingDisabled>false</dynamicTaskRenderingDisabled>
                            <goldRun>false</goldRun>
                            <qualificationTraining>false</qualificationTraining>
                            <streamingValue>1</streamingValue>
                            <streamingValueType>Tasks</streamingValueType>
                            <taskParams>{"values":{"DESCRIPTION":"","NAME":"OCR "}}</taskParams>
                            <uploadResultsType>CREATE</uploadResultsType>
                        </description>
                        <executingType>MACHINE</executingType>
                        <forceComplete>false</forceComplete>
                        <forceCompleteIdleTime>0</forceCompleteIdleTime>
                        <forceCompletePercent>100</forceCompletePercent>
                        <mixStrategy>
                            <additionalRows>0</additionalRows>
                            <blockSize>1</blockSize>
                            <goldItemSize>0</goldItemSize>
                            <goldPercentage>0</goldPercentage>
                            <goldRatio>true</goldRatio>
                            <mainRows>5</mainRows>
                            <repeated>false</repeated>
                        </mixStrategy>
                        <purged>false</purged>
                        <recordProcessingStatus>COMPLETED</recordProcessingStatus>
                        <recursiveCount>1</recursiveCount>
                        <rootRunUUID>7f0cb975-7cfd-4e11-afaf-b7add11e6f80</rootRunUUID>
                        <runType>SIMPLE</runType>
                        <tags></tags>
                        <title>OCR </title>
                        <uuid>7f0cb975-7cfd-4e11-afaf-b7add11e6f80</uuid>
                    </run>
                </runs>
                <automationUseCases/>
                <automationInfo/>
            </project>
            <hashCode>395108649</hashCode>
        </objectContainer>
    </objects>
</objectListWrapper>
